-1,-1,-1,-1,-1,-1,-1,-1,-1,-1,-1,-1,-1,-1,-1,-1,-1,-1,-1,-1,-1,-1,-1,-1,-1,-1,-1,-1,-1,-1,-1,-1,-1,-1,-1,-1,-1,-1,-1,-1,-1,-1,-1,-1,-1,-1,-1,-1,-1,-1,-1,-1,-1,-1,-1,-1,-1,-1,-1,-1,-1,-1,-1,-1,-1,-1,-1,-1,-1,-1,-1,-1,-1,-1,-1,-1,1019,1028,1036,1045,1053,1062,1070,1079,1087,1096,1104,1112,1121,1129,1138,1147,1156,1165,1174,1183,1192,1201,1210,1219,1228,1237,1246,1255,1264,1273,1283,1292,1301,1310,1319,1328,1338,1347,1356,1366,1376,1385,1394,1404,1413,1422,1431,1441,1450,1459,1469,1478,1487,1496,1506,1515,1524,1533,1542,1552,1561,1571,1580,1589,1598,1608,1617,1626,1636,1645,1653,1662,1671,1680,1689,1698,1707,1716,1725,1733,1742,1751,1760,1769,1778,1787,1796,1804,1813,1821,1830,1838,1847,1855,1864,1872,1880,1889,1897,1906,1914,1923,1931,1939,1947,1954,1962,1969,1976,1983,1991,1998,-2,-2,-2,-2,-2,-2,-2,-2,-2,-2,-2,-2,-2,-2,-2,-2,-2,-2,-2
-1,-1,-1,-1,-1,-1,-1,-1,-1,-1,-1,-1,-1,-1,-1,-1,-1,-1,-1,-1,-1,-1,-1,-1,-1,-1,-1,-1,-1,-1,-1,-1,-1,-1,-1,-1,-1,-1,-1,-1,-1,-1,-1,-1,-1,-1,-1,-1,-1,-1,-1,-1,-1,-1,-1,-1,-1,-1,-1,-1,-1,-1,-1,-1,-1,-1,-1,-1,-1,-1,-1,-1,-1,-1,-1,-1,1015,1024,1032,1041,1049,1058,1066,1075,1083,1092,1100,1108,1117,1125,1134,1143,1152,1161,1170,1179,1188,1197,1206,1215,1224,1233,1242,1251,1260,1269,1279,1288,1297,1306,1316,1325,1334,1344,1353,1362,1372,1381,1390,1400,1409,1419,1428,1438,1447,1456,1466,1475,1484,1493,1503,1512,1521,1530,1539,1549,1558,1568,1577,1586,1595,1605,1614,1623,1632,1642,1650,1659,1668,1677,1686,1695,1704,1713,1722,1731,1740,1749,1758,1767,1776,1785,1794,1802,1811,1819,1828,1836,1844,1853,1861,1869,1878,1886,1895,1903,1912,1920,1929,1937,1945,1952,1960,1967,1974,1981,1989,1996,-2,-2,-2,-2,-2,-2,-2,-2,-2,-2,-2,-2,-2,-2,-2,-2,-2,-2,-2
-1,-1,-1,-1,-1,-1,-1,-1,-1,-1,-1,-1,-1,-1,-1,-1,-1,-1,-1,-1,-1,-1,-1,-1,-1,-1,-1,-1,-1,-1,-1,-1,-1,-1,-1,-1,-1,-1,-1,-1,-1,-1,-1,-1,-1,-1,-1,-1,-1,-1,-1,-1,-1,-1,-1,-1,-1,-1,-1,-1,-1,-1,-1,-1,-1,-1,-1,-1,-1,-1,-1,-1,-1,-1,-1,-1,1010,1019,1027,1036,1044,1053,1062,1070,1079,1088,1096,1105,1113,1122,1130,1139,1148,1157,1166,1175,1184,1193,1202,1211,1220,1229,1239,1248,1257,1266,1275,1284,1293,1303,1312,1321,1331,1340,1349,1359,1369,1378,1387,1397,1406,1415,1424,1434,1443,1453,1462,1471,1480,1489,1499,1508,1517,1526,1536,1545,1554,1564,1573,1582,1591,1601,1610,1619,1629,1638,1647,1656,1665,1674,1683,1692,1701,1710,1719,1728,1737,1746,1755,1764,1773,1782,1791,1799,1808,1816,1825,1833,1842,1850,1859,1867,1875,1884,1892,1901,1909,1918,1926,1934,1942,1949,1957,1964,1972,1979,1987,1995,-2,-2,-2,-2,-2,-2,-2,-2,-2,-2,-2,-2,-2,-2,-2,-2,-2,-2,-2
-1,-1,-1,-1,-1,-1,-1,-1,-1,-1,-1,-1,-1,-1,-1,-1,-1,-1,-1,-1,-1,-1,-1,-1,-1,-1,-1,-1,-1,-1,-1,-1,-1,-1,-1,-1,-1,-1,-1,-1,-1,-1,-1,-1,-1,-1,-1,-1,-1,-1,-1,-1,-1,-1,-1,-1,-1,-1,-1,-1,-1,-1,-1,-1,-1,-1,-1,-1,-1,-1,-1,-1,-1,-1,-1,-1,1006,1015,1023,1032,1040,1049,1058,1066,1075,1084,1092,1101,1109,1118,1126,1135,1144,1153,1162,1171,1180,1189,1198,1207,1216,1225,1235,1244,1253,1262,1271,1280,1289,1299,1309,1318,1327,1337,1346,1355,1365,1374,1383,1393,1402,1412,1421,1431,1440,1450,1459,1468,1477,1486,1496,1505,1514,1523,1533,1542,1551,1561,1570,1579,1588,1598,1607,1616,1625,1635,1644,1653,1662,1671,1680,1689,1698,1707,1716,1726,1735,1744,1753,1762,1771,1780,1789,1797,1806,1814,1823,1831,1839,1848,1856,1864,1873,1881,1890,1898,1907,1915,1924,1932,1940,1947,1955,1962,1970,1977,1985,1993,2000,-2,-2,-2,-2,-2,-2,-2,-2,-2,-2,-2,-2,-2,-2,-2,-2,-2,-2
-1,-1,-1,-1,-1,-1,-1,-1,-1,-1,-1,-1,-1,-1,-1,-1,-1,-1,-1,-1,-1,-1,-1,-1,-1,-1,-1,-1,-1,-1,-1,-1,-1,-1,-1,-1,-1,-1,-1,-1,-1,-1,-1,-1,-1,-1,-1,-1,-1,-1,-1,-1,-1,-1,-1,-1,-1,-1,-1,-1,-1,-1,-1,-1,-1,-1,-1,-1,-1,-1,-1,-1,-1,-1,-1,-1,1002,1011,1019,1028,1036,1045,1054,1062,1071,1080,1088,1097,1105,1114,1122,1131,1140,1149,1158,1167,1176,1185,1194,1203,1212,1221,1231,1240,1249,1258,1267,1276,1285,1295,1305,1314,1323,1333,1342,1352,1361,1371,1380,1390,1399,1409,1418,1428,1437,1447,1456,1465,1474,1483,1493,1502,1511,1520,1530,1539,1548,1558,1567,1576,1585,1595,1604,1613,1622,1632,1641,1650,1659,1668,1677,1686,1695,1704,1713,1723,1732,1741,1750,1759,1768,1777,1786,1794,1803,1811,1820,1828,1837,1845,1854,1862,1870,1879,1887,1896,1905,1913,1922,1930,1938,1945,1953,1960,1968,1975,1983,1991,1998,-2,-2,-2,-2,-2,-2,-2,-2,-2,-2,-2,-2,-2,-2,-2,-2,-2,-2
-1,-1,-1,-1,-1,-1,-1,-1,-1,-1,-1,-1,-1,-1,-1,-1,-1,-1,-1,-1,-1,-1,-1,-1,-1,-1,-1,-1,-1,-1,-1,-1,-1,-1,-1,-1,-1,-1,-1,-1,-1,-1,-1,-1,-1,-1,-1,-1,-1,-1,-1,-1,-1,-1,-1,-1,-1,-1,-1,-1,-1,-1,-1,-1,-1,-1,-1,-1,-1,-1,-1,-1,-1,-1,-1,-1,998,1007,1015,1024,1032,1041,1050,1058,1067,1076,1084,1093,1101,1110,1118,1127,1136,1145,1154,1163,1172,1181,1190,1199,1208,1217,1227,1236,1244,1254,1263,1272,1281,1291,1301,1310,1320,1329,1339,1349,1358,1368,1377,1387,1396,1406,1415,1425,1434,1444,1453,1462,1471,1480,1490,1499,1508,1517,1527,1536,1545,1555,1564,1573,1582,1592,1601,1610,1619,1629,1638,1647,1656,1665,1674,1683,1692,1701,1710,1720,1729,1738,1747,1756,1765,1774,1783,1791,1800,1808,1817,1825,1834,1842,1851,1860,1868,1877,1885,1894,1903,1911,1920,1928,1936,1943,1951,1958,1966,1973,1981,1989,1996,-2,-2,-2,-2,-2,-2,-2,-2,-2,-2,-2,-2,-2,-2,-2,-2,-2,-2
-1,-1,-1,-1,-1,-1,-1,-1,-1,-1,-1,-1,-1,-1,-1,-1,-1,-1,-1,-1,-1,-1,-1,-1,-1,-1,-1,-1,-1,-1,-1,-1,-1,-1,-1,-1,-1,-1,-1,-1,-1,-1,-1,-1,-1,-1,-1,-1,-1,-1,-1,-1,-1,-1,-1,-1,-1,-1,-1,-1,-1,-1,-1,-1,-1,-1,-1,-1,-1,-1,-1,-1,-1,-1,-1,-1,994,1003,1011,1020,1028,1037,1046,1054,1063,1072,1080,1089,1098,1107,1115,1124,1133,1142,1151,1160,1169,1178,1187,1196,1205,1214,1224,1233,1241,1251,1260,1269,1278,1288,1298,1307,1316,1326,1335,1345,1354,1364,1373,1383,1392,1402,1411,1421,1430,1440,1449,1458,1467,1477,1486,1495,1504,1514,1523,1532,1541,1551,1560,1569,1579,1588,1597,1607,1616,1626,1635,1644,1653,1662,1671,1680,1689,1698,1707,1717,1726,1735,1744,1753,1762,1771,1780,1788,1797,1805,1814,1823,1832,1840,1849,1858,1865,1874,1882,1891,1900,1909,1918,1926,1934,1941,1949,1956,1964,1971,1979,1987,1994,-2,-2,-2,-2,-2,-2,-2,-2,-2,-2,-2,-2,-2,-2,-2,-2,-2,-2
-1,-1,-1,-1,-1,-1,-1,-1,-1,-1,-1,-1,-1,-1,-1,-1,-1,-1,-1,-1,-1,-1,-1,-1,-1,-1,-1,-1,-1,-1,-1,-1,-1,-1,-1,-1,-1,-1,-1,-1,-1,-1,-1,-1,-1,-1,-1,-1,-1,-1,-1,-1,-1,-1,-1,-1,-1,-1,-1,-1,-1,-1,-1,-1,-1,-1,-1,-1,-1,-1,-1,-1,-1,-1,-1,-1,989,998,1007,1016,1025,1034,1043,1051,1060,1069,1077,1086,1094,1103,1111,1120,1129,1138,1147,1156,1165,1174,1183,1192,1201,1210,1220,1229,1238,1247,1256,1265,1274,1284,1294,1303,1313,1322,1332,1342,1351,1361,1370,1380,1389,1399,1408,1418,1427,1437,1446,1455,1464,1473,1483,1492,1501,1510,1520,1529,1538,1548,1557,1566,1575,1585,1594,1603,1612,1622,1631,1640,1649,1659,1668,1677,1686,1695,1704,1713,1722,1732,1741,1750,1759,1768,1777,1786,1795,1803,1812,1820,1829,1837,1846,1855,1863,1872,1880,1889,1898,1906,1915,1923,1932,1939,1947,1955,1963,1970,1978,1986,1993,-2,-2,-2,-2,-2,-2,-2,-2,-2,-2,-2,-2,-2,-2,-2,-2,-2,-2
-1,-1,-1,-1,-1,-1,-1,-1,-1,-1,-1,-1,-1,-1,-1,-1,-1,-1,-1,-1,-1,-1,-1,-1,-1,-1,-1,-1,-1,-1,-1,-1,-1,-1,-1,-1,-1,-1,-1,-1,-1,-1,-1,-1,-1,-1,-1,-1,-1,-1,-1,-1,-1,-1,-1,-1,-1,-1,-1,-1,-1,-1,-1,-1,-1,-1,-1,-1,-1,-1,-1,-1,-1,-1,-1,-1,985,994,1003,1012,1021,1030,1039,1047,1056,1065,1073,1082,1091,1100,1108,1117,1126,1135,1144,1153,1162,1171,1180,1189,1198,1207,1217,1226,1235,1244,1253,1262,1271,1281,1291,1300,1309,1319,1328,1338,1347,1357,1366,1376,1385,1395,1404,1414,1423,1433,1442,1451,1460,1470,1479,1488,1497,1507,1516,1525,1534,1544,1553,1562,1572,1581,1590,1600,1609,1619,1628,1637,1646,1656,1665,1674,1683,1692,1701,1710,1719,1729,1738,1747,1756,1765,1774,1783,1792,1800,1809,1818,1827,1835,1844,1852,1860,1869,1877,1886,1895,1904,1913,1921,1930,1937,1945,1953,1961,1968,1976,1984,1991,1999,-2,-2,-2,-2,-2,-2,-2,-2,-2,-2,-2,-2,-2,-2,-2,-2,-2
-1,-1,-1,-1,-1,-1,-1,-1,-1,-1,-1,-1,-1,-1,-1,-1,-1,-1,-1,-1,-1,-1,-1,-1,-1,-1,-1,-1,-1,-1,-1,-1,-1,-1,-1,-1,-1,-1,-1,-1,-1,-1,-1,-1,-1,-1,-1,-1,-1,-1,-1,-1,-1,-1,-1,-1,-1,-1,-1,-1,-1,-1,-1,-1,-1,-1,-1,-1,-1,-1,-1,-1,-1,-1,-1,-1,981,990,999,1008,1017,1026,1035,1043,1052,1061,1069,1078,1087,1096,1104,1113,1122,1131,1140,1149,1158,1167,1176,1185,1194,1203,1213,1222,1231,1240,1249,1258,1267,1277,1287,1296,1306,1315,1325,1335,1344,1354,1363,1373,1382,1392,1401,1411,1420,1430,1439,1448,1457,1467,1476,1485,1494,1504,1513,1522,1531,1541,1550,1559,1569,1578,1587,1597,1606,1616,1625,1634,1643,1653,1662,1671,1680,1689,1698,1707,1716,1726,1735,1744,1753,1762,1771,1780,1789,1797,1806,1815,1824,1832,1841,1850,1858,1867,1875,1884,1893,1902,1911,1919,1928,1935,1943,1951,1959,1966,1974,1982,1989,1997,-2,-2,-2,-2,-2,-2,-2,-2,-2,-2,-2,-2,-2,-2,-2,-2,-2
-1,-1,-1,-1,-1,-1,-1,-1,-1,-1,-1,-1,-1,-1,-1,-1,-1,-1,-1,-1,-1,-1,-1,-1,-1,-1,-1,-1,-1,-1,-1,-1,-1,-1,-1,-1,-1,-1,-1,-1,-1,-1,-1,-1,-1,-1,-1,-1,-1,-1,-1,-1,-1,-1,-1,-1,-1,-1,-1,-1,-1,-1,-1,-1,-1,-1,-1,-1,-1,-1,-1,-1,-1,-1,-1,-1,977,986,995,1004,1013,1022,1031,1039,1048,1057,1065,1074,1083,1092,1100,1109,1118,1127,1136,1145,1154,1163,1172,1181,1191,1200,1209,1218,1227,1236,1245,1255,1264,1274,1283,1293,1303,1312,1322,1332,1341,1351,1360,1370,1379,1389,1398,1408,1417,1427,1436,1445,1454,1464,1473,1482,1491,1501,1510,1519,1528,1538,1547,1556,1566,1575,1584,1594,1603,1613,1622,1631,1640,1650,1659,1668,1677,1686,1695,1704,1713,1723,1732,1741,1750,1759,1768,1777,1786,1794,1803,1812,1821,1829,1838,1847,1856,1864,1873,1882,1891,1899,1908,1917,1926,1933,1941,1949,1957,1964,1972,1980,1987,1995,-2,-2,-2,-2,-2,-2,-2,-2,-2,-2,-2,-2,-2,-2,-2,-2,-2
-1,-1,-1,-1,-1,-1,-1,-1,-1,-1,-1,-1,-1,-1,-1,-1,-1,-1,-1,-1,-1,-1,-1,-1,-1,-1,-1,-1,-1,-1,-1,-1,-1,-1,-1,-1,-1,-1,-1,-1,-1,-1,-1,-1,-1,-1,-1,-1,-1,-1,-1,-1,-1,-1,-1,-1,-1,-1,-1,-1,-1,-1,-1,-1,-1,-1,-1,-1,-1,-1,-1,-1,-1,-1,-1,-1,973,982,991,1000,1009,1018,1027,1035,1044,1053,1061,1070,1079,1088,1097,1106,1115,1124,1133,1142,1151,1160,1169,1178,1187,1196,1206,1215,1224,1233,1242,1251,1260,1270,1280,1289,1299,1308,1318,1328,1337,1347,1356,1366,1375,1385,1395,1404,1414,1423,1433,1442,1451,1461,1470,1479,1488,1498,1507,1516,1525,1535,1544,1553,1563,1572,1581,1591,1600,1610,1619,1628,1637,1647,1656,1665,1674,1684,1693,1702,1711,1721,1730,1739,1748,1757,1766,1775,1784,1792,1801,1810,1819,1827,1836,1845,1853,1862,1870,1879,1888,1897,1906,1914,1923,1931,1939,1947,1955,1962,1970,1978,1985,1993,-2,-2,-2,-2,-2,-2,-2,-2,-2,-2,-2,-2,-2,-2,-2,-2,-2
-1,-1,-1,-1,-1,-1,-1,-1,-1,-1,-1,-1,-1,-1,-1,-1,-1,-1,-1,-1,-1,-1,-1,-1,-1,-1,-1,-1,-1,-1,-1,-1,-1,-1,-1,-1,-1,-1,-1,-1,-1,-1,-1,-1,-1,-1,-1,-1,-1,-1,-1,-1,-1,-1,-1,-1,-1,-1,-1,-1,-1,-1,-1,-1,-1,-1,-1,-1,-1,-1,-1,-1,-1,-1,-1,-1,968,977,986,995,1004,1013,1022,1031,1040,1049,1058,1067,1076,1085,1093,1102,1111,1120,1129,1138,1147,1156,1165,1174,1184,1193,1202,1211,1220,1229,1238,1248,1257,1267,1276,1286,1296,1305,1315,1325,1334,1344,1353,1363,1372,1382,1391,1401,1410,1420,1429,1438,1447,1457,1466,1475,1485,1494,1503,1513,1522,1532,1541,1550,1560,1569,1578,1588,1598,1607,1616,1626,1635,1645,1654,1663,1672,1681,1690,1699,1708,1718,1727,1736,1745,1754,1763,1772,1781,1789,1798,1807,1816,1824,1833,1842,1851,1859,1868,1877,1886,1894,1903,1912,1921,1928,1936,1944,1952,1960,1968,1976,1983,1991,1999,-2,-2,-2,-2,-2,-2,-2,-2,-2,-2,-2,-2,-2,-2,-2,-2
-1,-1,-1,-1,-1,-1,-1,-1,-1,-1,-1,-1,-1,-1,-1,-1,-1,-1,-1,-1,-1,-1,-1,-1,-1,-1,-1,-1,-1,-1,-1,-1,-1,-1,-1,-1,-1,-1,-1,-1,-1,-1,-1,-1,-1,-1,-1,-1,-1,-1,-1,-1,-1,-1,-1,-1,-1,-1,-1,-1,-1,-1,-1,-1,-1,-1,-1,-1,-1,-1,-1,-1,-1,-1,-1,-1,964,973,982,991,1000,1009,1018,1027,1036,1045,1054,1063,1072,1081,1090,1099,1108,1117,1126,1135,1144,1153,1162,1171,1180,1189,1199,1208,1217,1226,1235,1244,1253,1263,1273,1282,1292,1301,1311,1321,1330,1340,1349,1359,1368,1378,1388,1397,1407,1416,1426,1435,1444,1454,1463,1472,1482,1491,1500,1510,1519,1529,1538,1547,1557,1566,1575,1585,1595,1604,1613,1623,1632,1642,1651,1660,1669,1679,1688,1697,1706,1716,1725,1734,1743,1752,1761,1770,1779,1787,1796,1805,1814,1822,1831,1840,1848,1857,1865,1874,1883,1892,1901,1909,1918,1926,1934,1942,1950,1958,1966,1974,1981,1989,1997,-2,-2,-2,-2,-2,-2,-2,-2,-2,-2,-2,-2,-2,-2,-2,-2
-1,-1,-1,-1,-1,-1,-1,-1,-1,-1,-1,-1,-1,-1,-1,-1,-1,-1,-1,-1,-1,-1,-1,-1,-1,-1,-1,-1,-1,-1,-1,-1,-1,-1,-1,-1,-1,-1,-1,-1,-1,-1,-1,-1,-1,-1,-1,-1,-1,-1,-1,-1,-1,-1,-1,-1,-1,-1,-1,-1,-1,-1,-1,-1,-1,-1,-1,-1,-1,-1,-1,-1,-1,-1,-1,-1,959,968,977,986,995,1005,1014,1023,1032,1041,1050,1059,1068,1077,1086,1095,1104,1113,1122,1131,1140,1149,1158,1167,1177,1186,1195,1204,1213,1222,1231,1241,1250,1260,1269,1279,1289,1298,1308,1318,1327,1337,1346,1356,1365,1375,1385,1394,1404,1413,1423,1432,1441,1451,1460,1469,1479,1488,1497,1507,1516,1526,1535,1544,1554,1563,1572,1582,1592,1601,1610,1620,1629,1639,1648,1657,1666,1676,1685,1694,1703,1713,1722,1731,1740,1749,1758,1767,1776,1784,1793,1802,1811,1819,1828,1837,1846,1854,1863,1872,1881,1889,1898,1907,1916,1924,1932,1940,1948,1956,1964,1972,1979,1987,1995,-2,-2,-2,-2,-2,-2,-2,-2,-2,-2,-2,-2,-2,-2,-2,-2
-1,-1,-1,-1,-1,-1,-1,-1,-1,-1,-1,-1,-1,-1,-1,-1,-1,-1,-1,-1,-1,-1,-1,-1,-1,-1,-1,-1,-1,-1,-1,-1,-1,-1,-1,-1,-1,-1,-1,-1,-1,-1,-1,-1,-1,-1,-1,-1,-1,-1,-1,-1,-1,-1,-1,-1,-1,-1,-1,-1,-1,-1,-1,-1,-1,-1,-1,-1,-1,-1,-1,-1,-1,-1,-1,-1,955,964,973,982,991,1001,1010,1019,1028,1037,1046,1055,1064,1073,1082,1091,1100,1109,1118,1127,1136,1145,1154,1163,1173,1182,1191,1200,1209,1218,1227,1237,1246,1256,1265,1275,1285,1294,1304,1314,1323,1333,1342,1352,1361,1371,1381,1390,1400,1410,1419,1428,1438,1447,1456,1466,1475,1485,1494,1504,1513,1523,1532,1541,1551,1560,1569,1579,1589,1598,1607,1617,1626,1636,1645,1654,1663,1673,1682,1691,1700,1710,1719,1728,1737,1746,1755,1764,1773,1781,1790,1799,1808,1817,1825,1834,1843,1852,1861,1870,1878,1887,1896,1905,1914,1922,1930,1938,1946,1954,1962,1970,1977,1985,1993,-2,-2,-2,-2,-2,-2,-2,-2,-2,-2,-2,-2,-2,-2,-2,-2
-1,-1,-1,-1,-1,-1,-1,-1,-1,-1,-1,-1,-1,-1,-1,-1,-1,-1,-1,-1,-1,-1,-1,-1,-1,-1,-1,-1,-1,-1,-1,-1,-1,-1,-1,-1,-1,-1,-1,-1,-1,-1,-1,-1,-1,-1,-1,-1,-1,-1,-1,-1,-1,-1,-1,-1,-1,-1,-1,-1,-1,-1,-1,-1,-1,-1,-1,-1,-1,-1,-1,-1,-1,-1,-1,-1,951,960,969,978,987,996,1005,1015,1024,1033,1042,1051,1060,1069,1078,1087,1096,1105,1114,1123,1132,1141,1150,1159,1169,1178,1187,1196,1205,1214,1224,1233,1242,1252,1261,1271,1281,1290,1300,1310,1320,1329,1339,1349,1358,1368,1378,1387,1397,1406,1416,1425,1434,1444,1453,1462,1472,1481,1490,1500,1509,1519,1528,1537,1547,1556,1566,1575,1585,1594,1604,1613,1623,1632,1642,1651,1660,1670,1679,1688,1697,1707,1716,1725,1734,1743,1752,1761,1770,1779,1788,1797,1805,1814,1823,1832,1841,1849,1858,1867,1876,1884,1893,1902,1911,1920,1928,1936,1944,1952,1960,1968,1975,1983,1991,1999,-2,-2,-2,-2,-2,-2,-2,-2,-2,-2,-2,-2,-2,-2,-2
-1,-1,-1,-1,-1,-1,-1,-1,-1,-1,-1,-1,-1,-1,-1,-1,-1,-1,-1,-1,-1,-1,-1,-1,-1,-1,-1,-1,-1,-1,-1,-1,-1,-1,-1,-1,-1,-1,-1,-1,-1,-1,-1,-1,-1,-1,-1,-1,-1,-1,-1,-1,-1,-1,-1,-1,-1,-1,-1,-1,-1,-1,-1,-1,-1,-1,-1,-1,-1,-1,-1,-1,-1,-1,-1,-1,946,955,964,973,982,992,1001,1010,1019,1028,1037,1046,1055,1064,1073,1082,1091,1100,1110,1119,1128,1137,1147,1156,1165,1175,1184,1193,1202,1211,1220,1230,1239,1249,1258,1268,1278,1287,1297,1307,1316,1326,1335,1345,1354,1364,1374,1383,1393,1403,1412,1421,1431,1440,1449,1459,1468,1478,1487,1497,1506,1516,1525,1534,1544,1553,1562,1572,1582,1591,1600,1610,1619,1629,1638,1647,1657,1666,1675,1685,1694,1704,1713,1722,1732,1741,1750,1759,1768,1776,1785,1794,1803,1812,1820,1829,1838,1847,1856,1865,1873,1882,1891,1900,1909,1917,1925,1933,1941,1949,1958,1966,1974,1982,1990,1998,-2,-2,-2,-2,-2,-2,-2,-2,-2,-2,-2,-2,-2,-2,-2
-1,-1,-1,-1,-1,-1,-1,-1,-1,-1,-1,-1,-1,-1,-1,-1,-1,-1,-1,-1,-1,-1,-1,-1,-1,-1,-1,-1,-1,-1,-1,-1,-1,-1,-1,-1,-1,-1,-1,-1,-1,-1,-1,-1,-1,-1,-1,-1,-1,-1,-1,-1,-1,-1,-1,-1,-1,-1,-1,-1,-1,-1,-1,-1,-1,-1,-1,-1,-1,-1,-1,-1,-1,-1,-1,-1,942,951,960,969,978,987,996,1006,1015,1024,1033,1042,1051,1060,1069,1078,1087,1096,1106,1115,1124,1133,1143,1152,1161,1171,1180,1189,1198,1207,1217,1226,1235,1245,1254,1264,1274,1283,1293,1303,1313,1322,1332,1342,1351,1361,1371,1380,1390,1399,1409,1418,1427,1437,1446,1455,1465,1474,1483,1493,1502,1512,1521,1530,1540,1549,1559,1568,1578,1587,1597,1606,1616,1625,1635,1644,1654,1663,1672,1682,1691,1701,1710,1719,1729,1738,1747,1756,1765,1774,1783,1792,1800,1809,1818,1827,1836,1844,1853,1862,1871,1879,1888,1897,1906,1915,1923,1931,1939,1947,1956,1964,1972,1980,1988,1997,-2,-2,-2,-2,-2,-2,-2,-2,-2,-2,-2,-2,-2,-2,-2
-1,-1,-1,-1,-1,-1,-1,-1,-1,-1,-1,-1,-1,-1,-1,-1,-1,-1,-1,-1,-1,-1,-1,-1,-1,-1,-1,-1,-1,-1,-1,-1,-1,-1,-1,-1,-1,-1,-1,-1,-1,-1,-1,-1,-1,-1,-1,-1,-1,-1,-1,-1,-1,-1,-1,-1,-1,-1,-1,-1,-1,-1,-1,-1,-1,-1,-1,-1,-1,-1,-1,-1,-1,-1,-1,-1,938,947,956,965,974,983,992,1002,1011,1020,1029,1038,1047,1056,1065,1074,1083,1092,1102,1111,1120,1129,1139,1148,1157,1167,1176,1185,1194,1203,1213,1222,1231,1241,1250,1260,1270,1279,1289,1299,1309,1318,1328,1338,1347,1357,1367,1376,1386,1396,1405,1414,1424,1433,1442,1452,1461,1471,1480,1490,1499,1509,1518,1527,1537,1546,1556,1565,1575,1584,1594,1603,1613,1622,1632,1641,1651,1660,1669,1679,1688,1698,1707,1716,1726,1735,1744,1753,1762,1771,1780,1789,1798,1807,1815,1824,1833,1842,1851,1860,1868,1877,1886,1895,1904,1913,1921,1929,1937,1945,1954,1962,1970,1978,1986,1995,-2,-2,-2,-2,-2,-2,-2,-2,-2,-2,-2,-2,-2,-2,-2
-1,-1,-1,-1,-1,-1,-1,-1,-1,-1,-1,-1,-1,-1,-1,-1,-1,-1,-1,-1,-1,-1,-1,-1,-1,-1,-1,-1,-1,-1,-1,-1,-1,-1,-1,-1,-1,-1,-1,-1,-1,-1,-1,-1,-1,-1,-1,-1,-1,-1,-1,-1,-1,-1,-1,-1,-1,-1,-1,-1,-1,-1,-1,-1,-1,-1,-1,-1,-1,-1,-1,-1,-1,-1,-1,-1,934,942,952,961,970,979,988,998,1007,1016,1025,1034,1043,1052,1061,1070,1079,1088,1098,1107,1116,1125,1135,1144,1153,1163,1172,1181,1190,1199,1209,1218,1227,1237,1246,1256,1266,1275,1285,1295,1305,1314,1324,1334,1343,1353,1363,1372,1382,1392,1401,1410,1420,1429,1439,1449,1458,1468,1477,1487,1496,1506,1515,1524,1534,1543,1553,1562,1572,1581,1591,1600,1610,1619,1628,1638,1648,1657,1666,1676,1685,1695,1704,1713,1723,1732,1741,1750,1759,1768,1777,1786,1795,1804,1812,1821,1830,1839,1848,1857,1866,1875,1884,1893,1902,1911,1919,1927,1935,1943,1952,1960,1968,1976,1984,1993,-2,-2,-2,-2,-2,-2,-2,-2,-2,-2,-2,-2,-2,-2,-2
-1,-1,-1,-1,-1,-1,-1,-1,-1,-1,-1,-1,-1,-1,-1,-1,-1,-1,-1,-1,-1,-1,-1,-1,-1,-1,-1,-1,-1,-1,-1,-1,-1,-1,-1,-1,-1,-1,-1,-1,-1,-1,-1,-1,-1,-1,-1,-1,-1,-1,-1,-1,-1,-1,-1,-1,-1,-1,-1,-1,-1,-1,-1,-1,-1,-1,-1,-1,-1,-1,-1,-1,-1,-1,-1,-1,930,938,948,957,966,975,984,994,1003,1012,1021,1030,1039,1048,1057,1066,1075,1084,1094,1103,1112,1121,1131,1140,1149,1159,1168,1177,1186,1196,1205,1215,1224,1234,1243,1253,1263,1272,1282,1292,1302,1311,1321,1331,1340,1350,1359,1369,1379,1388,1398,1407,1417,1426,1435,1445,1454,1464,1473,1483,1492,1502,1511,1521,1530,1540,1550,1559,1569,1578,1588,1597,1607,1616,1625,1635,1645,1654,1663,1673,1682,1692,1701,1710,1720,1729,1738,1747,1756,1765,1774,1783,1792,1801,1810,1819,1828,1837,1846,1855,1863,1872,1881,1890,1899,1908,1916,1925,1933,1941,1950,1958,1966,1974,1982,1991,1999,-2,-2,-2,-2,-2,-2,-2,-2,-2,-2,-2,-2,-2,-2
-1,-1,-1,-1,-1,-1,-1,-1,-1,-1,-1,-1,-1,-1,-1,-1,-1,-1,-1,-1,-1,-1,-1,-1,-1,-1,-1,-1,-1,-1,-1,-1,-1,-1,-1,-1,-1,-1,-1,-1,-1,-1,-1,-1,-1,-1,-1,-1,-1,-1,-1,-1,-1,-1,-1,-1,-1,-1,-1,-1,-1,-1,-1,-1,-1,-1,-1,-1,-1,-1,-1,-1,-1,-1,-1,-1,925,934,944,953,962,971,980,989,998,1007,1017,1026,1035,1044,1053,1062,1071,1081,1090,1099,1109,1118,1127,1137,1146,1155,1165,1174,1183,1192,1202,1211,1220,1230,1239,1249,1259,1268,1278,1288,1298,1307,1317,1327,1336,1346,1356,1365,1375,1385,1394,1403,1413,1422,1432,1442,1451,1461,1470,1480,1489,1499,1508,1517,1527,1536,1546,1555,1565,1575,1584,1594,1603,1613,1622,1631,1641,1650,1660,1669,1679,1688,1698,1707,1717,1726,1735,1744,1753,1763,1772,1781,1790,1799,1807,1816,1825,1834,1843,1852,1861,1870,1879,1888,1897,1906,1914,1922,1930,1939,1947,1956,1964,1973,1981,1990,1997,-2,-2,-2,-2,-2,-2,-2,-2,-2,-2,-2,-2,-2,-2
-1,-1,-1,-1,-1,-1,-1,-1,-1,-1,-1,-1,-1,-1,-1,-1,-1,-1,-1,-1,-1,-1,-1,-1,-1,-1,-1,-1,-1,-1,-1,-1,-1,-1,-1,-1,-1,-1,-1,-1,-1,-1,-1,-1,-1,-1,-1,-1,-1,-1,-1,-1,-1,-1,-1,-1,-1,-1,-1,-1,-1,-1,-1,-1,-1,-1,-1,-1,-1,-1,-1,-1,-1,-1,-1,-1,921,930,940,949,958,967,976,985,994,1003,1013,1022,1031,1040,1049,1058,1067,1077,1086,1095,1105,1114,1123,1133,1142,1151,1161,1170,1179,1189,1198,1208,1217,1227,1236,1246,1256,1265,1275,1285,1295,1304,1314,1324,1333,1343,1352,1362,1372,1381,1391,1400,1410,1419,1428,1438,1447,1457,1466,1476,1485,1495,1504,1514,1523,1533,1543,1552,1562,1572,1581,1591,1600,1610,1619,1628,1638,1647,1657,1666,1676,1685,1695,1704,1714,1723,1732,1741,1750,1760,1769,1778,1787,1796,1805,1814,1823,1832,1841,1850,1858,1867,1876,1885,1894,1903,1911,1920,1928,1937,1945,1954,1962,1971,1979,1988,1996,-2,-2,-2,-2,-2,-2,-2,-2,-2,-2,-2,-2,-2,-2
-1,-1,-1,-1,-1,-1,-1,-1,-1,-1,-1,-1,-1,-1,-1,-1,-1,-1,-1,-1,-1,-1,-1,-1,-1,-1,-1,-1,-1,-1,-1,-1,-1,-1,-1,-1,-1,-1,-1,-1,-1,-1,-1,-1,-1,-1,-1,-1,-1,-1,-1,-1,-1,-1,-1,-1,-1,-1,-1,-1,-1,-1,-1,-1,-1,-1,-1,-1,-1,-1,-1,-1,-1,-1,-1,-1,917,926,936,945,954,963,972,981,990,999,1009,1018,1027,1036,1045,1054,1063,1073,1082,1091,1101,1110,1119,1129,1138,1147,1157,1166,1175,1185,1194,1204,1213,1223,1232,1242,1252,1261,1271,1281,1291,1300,1310,1320,1329,1339,1348,1358,1368,1377,1387,1396,1406,1415,1425,1435,1444,1454,1463,1473,1482,1492,1501,1511,1520,1530,1540,1549,1559,1569,1578,1588,1597,1607,1616,1625,1635,1644,1654,1663,1673,1682,1692,1701,1711,1720,1729,1738,1747,1757,1766,1775,1784,1793,1802,1811,1820,1829,1838,1847,1856,1865,1874,1883,1892,1901,1909,1918,1926,1935,1943,1952,1960,1969,1977,1986,1994,-2,-2,-2,-2,-2,-2,-2,-2,-2,-2,-2,-2,-2,-2
-1,-1,-1,-1,-1,-1,-1,-1,-1,-1,-1,-1,-1,-1,-1,-1,-1,-1,-1,-1,-1,-1,-1,-1,-1,-1,-1,-1,-1,-1,-1,-1,-1,-1,-1,-1,-1,-1,-1,-1,-1,-1,-1,-1,-1,-1,-1,-1,-1,-1,-1,-1,-1,-1,-1,-1,-1,-1,-1,-1,-1,-1,-1,-1,-1,-1,-1,-1,-1,-1,-1,-1,-1,-1,-1,-1,913,922,932,941,950,959,968,977,986,995,1005,1014,1023,1032,1041,1050,1059,1069,1078,1087,1097,1106,1115,1125,1134,1143,1153,1162,1171,1181,1190,1200,1209,1219,1228,1238,1248,1258,1267,1277,1287,1296,1306,1316,1326,1335,1345,1355,1365,1374,1383,1392,1402,1412,1421,1431,1441,1451,1460,1469,1479,1488,1498,1507,1517,1527,1537,1546,1556,1566,1575,1585,1594,1604,1613,1622,1632,1641,1651,1660,1670,1679,1689,1698,1708,1717,1726,1735,1744,1754,1763,1772,1781,1790,1799,1808,1817,1826,1835,1844,1853,1862,1871,1880,1889,1898,1906,1915,1923,1932,1940,1949,1958,1966,1976,1984,1992,-2,-2,-2,-2,-2,-2,-2,-2,-2,-2,-2,-2,-2,-2
-1,-1,-1,-1,-1,-1,-1,-1,-1,-1,-1,-1,-1,-1,-1,-1,-1,-1,-1,-1,-1,-1,-1,-1,-1,-1,-1,-1,-1,-1,-1,-1,-1,-1,-1,-1,-1,-1,-1,-1,-1,-1,-1,-1,-1,-1,-1,-1,-1,-1,-1,-1,-1,-1,-1,-1,-1,-1,-1,-1,-1,-1,-1,-1,-1,-1,-1,-1,-1,-1,-1,-1,-1,-1,-1,-1,908,917,927,936,945,955,964,973,982,991,1001,1010,1019,1028,1037,1046,1055,1065,1074,1083,1093,1102,1111,1121,1130,1139,1149,1158,1168,1178,1187,1197,1206,1216,1225,1235,1245,1254,1264,1274,1284,1293,1303,1313,1322,1332,1341,1351,1361,1370,1380,1389,1399,1408,1418,1428,1437,1447,1456,1466,1475,1485,1494,1504,1513,1523,1533,1542,1552,1562,1571,1581,1590,1600,1609,1619,1629,1638,1648,1657,1667,1676,1686,1695,1705,1714,1723,1732,1741,1751,1760,1769,1778,1787,1796,1805,1814,1823,1832,1841,1850,1860,1869,1878,1886,1895,1904,1913,1921,1930,1938,1947,1955,1964,1973,1981,1990,1999,-2,-2,-2,-2,-2,-2,-2,-2,-2,-2,-2,-2,-2
-1,-1,-1,-1,-1,-1,-1,-1,-1,-1,-1,-1,-1,-1,-1,-1,-1,-1,-1,-1,-1,-1,-1,-1,-1,-1,-1,-1,-1,-1,-1,-1,-1,-1,-1,-1,-1,-1,-1,-1,-1,-1,-1,-1,-1,-1,-1,-1,-1,-1,-1,-1,-1,-1,-1,-1,-1,-1,-1,-1,-1,-1,-1,-1,-1,-1,-1,-1,-1,-1,-1,-1,-1,-1,-1,-1,903,912,922,931,940,950,959,968,977,986,996,1005,1015,1024,1033,1043,1052,1062,1071,1080,1089,1099,1108,1118,1127,1136,1146,1155,1164,1174,1183,1193,1202,1212,1221,1231,1241,1251,1260,1270,1280,1289,1299,1309,1319,1328,1338,1348,1358,1367,1376,1386,1395,1405,1414,1424,1433,1443,1453,1462,1472,1481,1491,1500,1510,1520,1530,1539,1549,1558,1568,1578,1587,1597,1606,1615,1625,1634,1644,1654,1663,1673,1683,1692,1701,1710,1720,1729,1738,1747,1757,1766,1775,1785,1794,1803,1812,1821,1830,1839,1848,1857,1866,1875,1884,1893,1901,1910,1918,1927,1935,1944,1953,1961,1971,1979,1987,1996,-2,-2,-2,-2,-2,-2,-2,-2,-2,-2,-2,-2,-2
-1,-1,-1,-1,-1,-1,-1,-1,-1,-1,-1,-1,-1,-1,-1,-1,-1,-1,-1,-1,-1,-1,-1,-1,-1,-1,-1,-1,-1,-1,-1,-1,-1,-1,-1,-1,-1,-1,-1,-1,-1,-1,-1,-1,-1,-1,-1,-1,-1,-1,-1,-1,-1,-1,-1,-1,-1,-1,-1,-1,-1,-1,-1,-1,-1,-1,-1,-1,-1,-1,-1,-1,-1,-1,-1,-1,899,908,918,927,936,946,955,964,973,982,992,1001,1011,1020,1029,1039,1048,1058,1067,1076,1085,1095,1104,1114,1123,1132,1142,1151,1161,1171,1180,1190,1199,1209,1218,1228,1238,1247,1257,1267,1277,1286,1296,1306,1315,1325,1334,1344,1354,1363,1373,1382,1392,1401,1411,1421,1430,1440,1449,1459,1468,1478,1487,1497,1506,1516,1526,1535,1545,1555,1564,1574,1583,1593,1602,1612,1622,1631,1641,1651,1660,1670,1680,1689,1698,1707,1717,1726,1735,1744,1754,1763,1772,1782,1791,1800,1809,1818,1827,1836,1845,1855,1864,1873,1881,1890,1899,1908,1916,1925,1933,1942,1950,1959,1968,1976,1985,1994,-2,-2,-2,-2,-2,-2,-2,-2,-2,-2,-2,-2,-2
-1,-1,-1,-1,-1,-1,-1,-1,-1,-1,-1,-1,-1,-1,-1,-1,-1,-1,-1,-1,-1,-1,-1,-1,-1,-1,-1,-1,-1,-1,-1,-1,-1,-1,-1,-1,-1,-1,-1,-1,-1,-1,-1,-1,-1,-1,-1,-1,-1,-1,-1,-1,-1,-1,-1,-1,-1,-1,-1,-1,-1,-1,-1,-1,-1,-1,-1,-1,-1,-1,-1,-1,-1,-1,-1,-1,894,903,913,922,931,941,950,959,968,978,987,997,1007,1016,1025,1035,1044,1054,1063,1072,1081,1091,1100,1110,1119,1128,1138,1147,1157,1167,1176,1186,1195,1205,1214,1224,1234,1244,1253,1263,1273,1282,1292,1302,1312,1321,1331,1341,1351,1360,1369,1379,1388,1398,1407,1417,1426,1436,1446,1455,1465,1474,1484,1493,1503,1513,1523,1532,1542,1551,1561,1571,1580,1590,1599,1609,1619,1628,1638,1648,1657,1667,1677,1686,1695,1704,1714,1723,1732,1741,1751,1760,1769,1779,1788,1797,1806,1815,1824,1833,1842,1852,1861,1870,1878,1887,1896,1905,1913,1922,1930,1939,1948,1956,1965,1974,1983,1992,-2,-2,-2,-2,-2,-2,-2,-2,-2,-2,-2,-2,-2
-1,17,27,37,47,57,67,77,88,98,109,120,131,142,153,164,175,186,197,210,223,236,248,260,272,284,297,312,326,340,354,367,383,399,414,429,444,458,471,485,499,512,526,540,554,567,581,594,607,619,631,642,653,664,675,686,696,706,717,728,739,749,759,768,777,787,796,805,815,824,833,843,852,861,871,880,890,899,909,918,927,937,946,955,964,974,983,993,1003,1012,1021,1031,1040,1050,1059,1068,1077,1087,1096,1106,1115,1124,1134,1143,1153,1163,1172,1182,1191,1201,1210,1220,1230,1240,1249,1259,1269,1278,1288,1298,1308,1317,1327,1337,1347,1357,1366,1375,1385,1395,1404,1414,1423,1433,1442,1452,1462,1471,1481,1490,1500,1510,1520,1529,1539,1548,1558,1568,1577,1587,1596,1606,1616,1625,1635,1645,1654,1664,1674,1683,1692,1701,1711,1720,1729,1738,1748,1757,1766,1776,1785,1794,1803,1812,1821,1830,1839,1849,1858,1867,1876,1885,1894,1903,1911,1920,1928,1937,1946,1954,1963,1972,1981,1990,2000,-2,-2,-2,-2,-2,-2,-2,-2,-2,-2,-2,-2
-1,17,27,37,47,57,68,78,88,98,109,120,132,143,154,165,176,187,198,210,223,236,248,260,272,283,297,311,325,339,352,366,381,397,412,427,441,455,468,482,495,508,522,536,549,563,576,589,602,614,626,638,649,659,670,681,691,701,712,723,734,744,754,763,773,782,792,801,810,819,829,838,847,857,866,876,885,894,904,913,923,932,942,951,960,970,979,989,999,1008,1017,1027,1036,1046,1055,1064,1073,1083,1092,1102,1111,1120,1130,1140,1149,1159,1168,1178,1188,1198,1207,1217,1226,1236,1246,1256,1265,1275,1285,1294,1304,1314,1324,1334,1344,1353,1362,1372,1381,1391,1400,1410,1419,1429,1439,1448,1458,1468,1477,1487,1497,1506,1516,1525,1535,1545,1555,1564,1574,1584,1593,1603,1613,1622,1632,1642,1651,1661,1671,1680,1689,1698,1708,1717,1726,1735,1745,1754,1763,1773,1782,1791,1800,1810,1819,1828,1837,1847,1856,1865,1873,1882,1891,1900,1909,1918,1926,1935,1944,1952,1961,1970,1979,1988,1998,-2,-2,-2,-2,-2,-2,-2,-2,-2,-2,-2,-2
-1,18,28,38,48,58,68,78,89,99,110,121,132,143,154,165,176,187,198,211,224,236,248,259,271,283,296,311,324,338,351,364,380,394,409,424,439,452,465,478,492,505,518,531,545,558,572,584,597,609,622,633,644,655,665,676,686,697,707,717,728,738,748,759,768,778,787,796,806,815,824,834,843,852,862,871,881,890,900,909,918,928,937,947,956,965,975,984,994,1003,1013,1022,1032,1041,1051,1061,1070,1080,1089,1098,1108,1117,1127,1136,1146,1156,1165,1175,1184,1194,1203,1213,1223,1233,1242,1252,1262,1271,1281,1291,1301,1310,1320,1330,1340,1350,1359,1368,1378,1388,1397,1407,1416,1426,1435,1445,1455,1464,1474,1483,1493,1503,1513,1522,1532,1541,1551,1561,1570,1580,1589,1599,1609,1618,1628,1638,1647,1657,1667,1676,1686,1695,1705,1714,1724,1733,1743,1752,1761,1771,1780,1789,1798,1807,1816,1825,1834,1844,1853,1862,1871,1880,1889,1898,1906,1915,1923,1932,1941,1950,1959,1968,1978,1987,1996,-2,-2,-2,-2,-2,-2,-2,-2,-2,-2,-2,-2
-1,18,28,38,48,58,69,79,89,99,110,121,133,144,155,166,177,188,199,211,224,236,248,259,271,282,296,310,323,337,349,363,378,392,407,422,436,449,462,475,488,501,514,527,540,554,567,579,592,604,617,629,640,650,660,671,681,692,702,712,723,733,743,754,764,773,783,792,801,810,820,829,838,848,857,867,876,885,895,904,914,923,933,943,952,961,971,980,990,999,1009,1018,1028,1037,1047,1057,1066,1076,1085,1094,1104,1113,1123,1133,1142,1152,1161,1171,1181,1191,1200,1210,1219,1229,1239,1249,1258,1268,1278,1287,1297,1307,1317,1327,1337,1346,1355,1365,1374,1384,1393,1403,1412,1422,1432,1441,1451,1461,1470,1480,1490,1499,1509,1518,1528,1538,1548,1557,1567,1577,1586,1596,1606,1615,1625,1635,1644,1654,1664,1673,1683,1692,1702,1711,1721,1730,1740,1749,1758,1768,1777,1786,1795,1805,1814,1823,1832,1842,1851,1860,1868,1877,1886,1895,1904,1913,1921,1930,1939,1948,1957,1966,1976,1985,1994,-2,-2,-2,-2,-2,-2,-2,-2,-2,-2,-2,-2
-1,19,29,39,49,59,69,79,90,100,111,122,133,144,155,166,177,188,199,211,224,236,248,259,271,282,295,309,322,336,348,361,376,390,404,419,433,446,459,472,485,497,510,523,536,549,562,574,587,599,613,624,635,645,655,666,676,687,697,707,718,728,738,749,759,769,778,787,797,806,815,825,834,844,853,863,872,881,891,900,910,919,929,939,948,957,967,976,986,995,1005,1014,1024,1033,1043,1053,1062,1072,1081,1090,1100,1109,1119,1129,1138,1148,1157,1167,1177,1187,1196,1206,1215,1225,1235,1245,1254,1264,1274,1283,1293,1303,1313,1323,1333,1343,1352,1361,1371,1381,1390,1400,1409,1419,1428,1438,1448,1458,1467,1477,1487,1496,1506,1515,1525,1535,1545,1554,1564,1574,1583,1593,1603,1612,1622,1632,1641,1651,1661,1670,1680,1689,1699,1708,1718,1727,1737,1746,1755,1765,1774,1783,1792,1802,1811,1820,1829,1839,1848,1857,1866,1875,1884,1893,1902,1911,1919,1928,1937,1946,1955,1964,1974,1983,1992,-2,-2,-2,-2,-2,-2,-2,-2,-2,-2,-2,-2
-1,19,29,39,49,59,69,79,90,100,111,122,133,144,155,166,177,188,199,211,224,236,247,258,270,281,294,308,321,335,347,359,374,388,401,416,430,443,456,469,482,494,506,519,532,545,558,570,582,594,608,619,630,640,650,661,671,682,692,702,713,723,733,744,754,764,773,783,792,801,811,821,830,839,849,859,868,877,887,896,906,915,925,935,944,953,963,972,982,991,1001,1010,1020,1029,1039,1049,1058,1068,1077,1086,1096,1105,1115,1125,1134,1144,1153,1163,1173,1183,1192,1202,1211,1221,1231,1241,1250,1260,1270,1279,1289,1299,1309,1319,1329,1339,1349,1358,1368,1377,1387,1396,1406,1416,1425,1435,1445,1454,1464,1474,1484,1493,1503,1512,1522,1532,1542,1551,1561,1571,1580,1590,1600,1609,1619,1629,1638,1648,1658,1667,1677,1686,1696,1705,1715,1724,1734,1743,1752,1762,1771,1780,1789,1799,1808,1817,1826,1836,1845,1854,1864,1873,1882,1891,1900,1909,1917,1926,1935,1944,1953,1962,1972,1981,1990,1999,-2,-2,-2,-2,-2,-2,-2,-2,-2,-2,-2
-1,19,29,39,49,59,69,79,90,100,111,122,133,144,155,166,177,188,199,211,224,235,247,258,270,281,293,307,320,333,345,358,372,385,399,413,427,440,453,466,478,490,502,515,528,541,553,565,578,589,602,614,625,635,645,656,666,677,687,697,708,718,728,739,749,759,769,778,788,797,806,816,825,835,844,854,863,872,882,892,901,910,920,930,940,949,959,968,978,987,997,1006,1016,1025,1035,1045,1054,1064,1073,1082,1092,1101,1111,1121,1130,1140,1149,1159,1169,1179,1189,1198,1208,1218,1227,1237,1247,1257,1267,1276,1286,1296,1306,1316,1326,1336,1345,1354,1364,1374,1383,1393,1402,1412,1421,1431,1441,1451,1460,1470,1480,1490,1499,1509,1519,1529,1538,1548,1558,1567,1577,1587,1597,1606,1616,1626,1635,1645,1655,1664,1674,1683,1693,1702,1712,1721,1731,1740,1749,1759,1768,1777,1787,1796,1805,1815,1824,1833,1843,1852,1861,1871,1880,1889,1897,1906,1915,1924,1933,1942,1951,1960,1970,1979,1988,1997,-2,-2,-2,-2,-2,-2,-2,-2,-2,-2,-2
-1,20,30,40,50,60,70,80,90,101,112,123,133,144,155,166,177,187,198,210,223,235,246,257,269,280,293,306,318,332,344,356,369,383,396,411,424,437,450,462,475,487,499,511,523,536,549,561,573,585,597,608,619,631,641,652,662,673,683,693,703,714,724,734,744,754,764,774,783,792,802,812,821,830,840,850,859,868,878,887,897,906,916,926,935,945,954,964,973,983,992,1002,1011,1021,1031,1040,1050,1060,1070,1079,1089,1098,1108,1117,1127,1137,1146,1156,1166,1176,1185,1195,1204,1214,1224,1234,1243,1253,1263,1272,1282,1292,1302,1312,1322,1332,1342,1351,1361,1370,1380,1389,1399,1409,1418,1428,1438,1447,1457,1467,1477,1486,1496,1505,1515,1525,1535,1544,1554,1564,1573,1583,1593,1602,1612,1622,1632,1641,1651,1661,1670,1680,1690,1699,1709,1719,1728,1738,1747,1756,1766,1775,1784,1794,1803,1812,1821,1831,1840,1849,1859,1868,1877,1886,1895,1904,1912,1921,1931,1940,1949,1958,1967,1977,1986,1996,-2,-2,-2,-2,-2,-2,-2,-2,-2,-2,-2
-1,20,30,40,50,60,70,80,90,101,112,123,133,144,155,166,177,187,198,210,223,234,246,257,269,280,292,305,317,330,342,355,367,380,394,408,421,434,447,459,471,483,495,507,519,532,544,556,569,580,591,603,614,626,636,647,657,668,678,688,698,709,719,729,739,749,760,769,779,788,797,807,816,826,835,845,854,863,873,883,892,901,911,921,931,941,950,960,969,979,988,998,1007,1017,1027,1036,1046,1056,1066,1075,1085,1094,1104,1113,1123,1133,1142,1152,1162,1172,1182,1191,1201,1211,1220,1230,1240,1250,1260,1269,1279,1289,1299,1309,1319,1329,1338,1347,1357,1367,1376,1386,1395,1405,1414,1424,1434,1444,1453,1463,1473,1483,1492,1502,1512,1522,1531,1541,1551,1560,1570,1580,1590,1599,1609,1619,1629,1638,1648,1658,1667,1677,1687,1696,1706,1716,1725,1735,1744,1753,1763,1772,1782,1791,1800,1810,1819,1828,1838,1847,1856,1866,1875,1884,1892,1901,1910,1919,1929,1938,1947,1956,1965,1975,1984,1994,-2,-2,-2,-2,-2,-2,-2,-2,-2,-2,-2
-1,20,30,40,50,60,70,80,90,101,112,123,133,144,155,166,177,187,198,210,223,234,245,256,268,279,291,304,316,329,341,353,365,378,391,405,418,431,444,456,468,480,491,503,515,528,540,552,564,575,586,598,609,621,631,642,652,663,673,683,693,704,714,724,734,744,755,765,774,783,793,803,812,821,831,841,850,859,869,879,888,897,907,917,927,937,946,956,965,975,984,994,1003,1013,1023,1032,1042,1052,1062,1071,1081,1090,1100,1109,1119,1129,1138,1148,1158,1168,1178,1187,1197,1207,1216,1226,1236,1246,1256,1265,1275,1285,1295,1305,1315,1325,1335,1344,1354,1363,1373,1382,1392,1402,1411,1421,1431,1440,1450,1460,1470,1480,1489,1499,1509,1519,1528,1538,1548,1557,1567,1577,1587,1596,1606,1616,1626,1635,1645,1655,1664,1674,1684,1693,1703,1713,1722,1732,1741,1750,1760,1769,1779,1788,1797,1807,1816,1825,1835,1844,1854,1864,1873,1882,1890,1899,1908,1917,1927,1936,1945,1954,1963,1973,1982,1992,-2,-2,-2,-2,-2,-2,-2,-2,-2,-2,-2
-1,20,30,40,50,60,70,80,90,101,112,123,133,144,155,166,177,187,197,209,222,233,244,255,267,278,290,303,314,327,339,351,363,376,389,402,415,428,441,453,465,476,488,499,511,524,536,548,559,571,582,593,604,616,626,637,647,658,668,678,688,699,709,719,729,739,750,760,769,779,789,798,808,817,827,836,846,855,865,875,884,893,903,913,923,933,942,952,961,971,980,990,999,1009,1019,1028,1038,1048,1058,1067,1077,1086,1096,1105,1115,1125,1134,1144,1154,1164,1174,1183,1193,1203,1212,1222,1232,1242,1252,1261,1271,1281,1291,1301,1311,1321,1331,1340,1350,1359,1369,1379,1388,1398,1408,1418,1427,1437,1447,1457,1467,1477,1486,1496,1506,1516,1525,1535,1545,1554,1564,1574,1584,1593,1603,1613,1623,1632,1642,1652,1661,1671,1681,1690,1700,1710,1719,1729,1738,1747,1757,1766,1776,1785,1794,1804,1813,1822,1832,1841,1851,1861,1870,1880,1888,1897,1906,1915,1925,1934,1943,1952,1961,1971,1980,1990,1999,-2,-2,-2,-2,-2,-2,-2,-2,-2,-2
-1,20,30,40,50,60,70,80,90,101,112,123,133,144,155,165,176,186,197,209,221,232,243,254,266,277,289,301,313,326,337,349,361,374,386,399,412,425,437,449,461,473,484,496,507,520,532,543,555,566,577,589,600,611,622,632,642,653,663,673,684,694,704,714,724,734,745,755,765,774,784,794,803,813,822,832,841,850,860,870,880,889,899,909,919,928,938,948,957,967,976,986,995,1005,1015,1024,1034,1044,1054,1063,1073,1082,1092,1101,1111,1121,1130,1140,1150,1160,1170,1179,1189,1199,1208,1218,1228,1238,1248,1258,1268,1278,1288,1298,1307,1317,1327,1337,1347,1356,1366,1375,1385,1395,1404,1414,1424,1433,1443,1453,1463,1473,1483,1492,1502,1512,1521,1531,1541,1551,1561,1571,1580,1590,1600,1610,1619,1629,1639,1649,1658,1668,1678,1687,1697,1707,1716,1726,1735,1744,1754,1763,1773,1782,1791,1801,1811,1820,1829,1839,1849,1859,1868,1877,1885,1895,1904,1913,1922,1932,1941,1950,1959,1969,1978,1988,1997,-2,-2,-2,-2,-2,-2,-2,-2,-2,-2
-1,19,29,40,50,60,70,80,90,100,111,122,133,143,154,165,176,186,196,208,221,232,243,254,265,276,287,300,311,324,336,348,359,371,384,397,409,421,434,446,458,469,481,492,504,515,527,539,550,562,573,584,595,607,617,628,638,649,659,669,679,690,700,710,720,730,740,750,760,770,780,789,799,808,818,827,837,846,856,866,875,884,894,904,914,924,933,943,953,962,972,981,991,1001,1011,1020,1030,1040,1050,1059,1069,1079,1088,1098,1108,1118,1127,1137,1147,1157,1166,1176,1186,1196,1205,1215,1225,1235,1245,1254,1264,1274,1284,1294,1304,1314,1324,1333,1343,1352,1362,1372,1382,1391,1401,1411,1420,1430,1440,1450,1460,1470,1479,1489,1499,1509,1518,1528,1538,1547,1557,1567,1577,1586,1596,1606,1616,1625,1635,1645,1654,1664,1674,1684,1693,1703,1713,1723,1732,1742,1751,1761,1770,1780,1789,1799,1808,1817,1827,1836,1846,1856,1865,1875,1883,1892,1901,1910,1920,1929,1938,1948,1957,1967,1976,1986,1995,-2,-2,-2,-2,-2,-2,-2,-2,-2,-2
-1,19,29,40,50,60,70,80,90,100,111,122,133,143,154,164,175,185,196,208,220,231,242,253,264,275,286,298,310,323,334,346,357,369,381,394,406,418,430,442,454,466,477,489,500,511,523,534,546,557,568,580,591,602,613,623,633,644,654,664,675,685,695,705,715,725,735,745,756,765,775,785,794,804,813,823,832,841,851,861,871,880,890,900,910,919,929,939,949,958,968,977,987,997,1007,1016,1026,1036,1046,1055,1065,1075,1084,1094,1104,1114,1123,1133,1143,1153,1162,1172,1182,1192,1201,1211,1221,1231,1241,1251,1261,1271,1281,1291,1300,1310,1320,1330,1340,1349,1359,1368,1378,1388,1397,1407,1417,1426,1436,1446,1456,1466,1476,1485,1495,1505,1514,1524,1534,1544,1554,1564,1573,1583,1593,1603,1612,1622,1632,1642,1651,1661,1671,1681,1690,1700,1710,1720,1729,1739,1748,1758,1767,1777,1786,1796,1806,1815,1824,1834,1844,1854,1863,1872,1880,1890,1899,1908,1917,1927,1936,1946,1955,1965,1974,1984,1993,-2,-2,-2,-2,-2,-2,-2,-2,-2,-2
-1,19,29,40,50,60,70,80,90,100,111,122,133,143,154,164,175,185,195,207,219,230,241,252,263,274,285,297,308,321,332,344,355,367,379,391,403,415,427,439,451,462,474,485,496,507,519,530,541,553,564,575,586,597,608,618,628,639,649,659,670,680,690,700,710,720,730,740,751,761,771,780,790,800,809,818,828,837,847,857,867,876,886,896,906,915,925,935,945,954,964,973,983,993,1003,1012,1022,1032,1042,1051,1061,1071,1080,1090,1100,1110,1119,1129,1139,1149,1158,1168,1178,1188,1197,1207,1217,1227,1237,1247,1257,1267,1277,1287,1296,1306,1316,1326,1336,1345,1355,1365,1375,1384,1394,1404,1413,1423,1433,1443,1453,1463,1473,1482,1492,1502,1511,1521,1531,1541,1551,1561,1570,1580,1590,1600,1609,1619,1629,1639,1648,1658,1668,1678,1687,1697,1707,1717,1726,1736,1745,1755,1764,1774,1783,1793,1803,1812,1821,1831,1841,1851,1860,1870,1878,1888,1897,1906,1915,1925,1934,1944,1953,1963,1972,1982,1991,-2,-2,-2,-2,-2,-2,-2,-2,-2,-2
-1,19,29,40,50,60,70,80,90,100,111,122,132,142,153,163,174,184,194,206,218,229,240,251,262,273,284,295,306,319,330,342,353,365,376,388,400,412,424,436,448,459,470,481,492,503,515,526,537,549,560,571,582,592,603,613,623,634,644,654,665,675,685,695,705,715,725,735,746,756,766,775,785,795,804,814,824,833,843,853,862,872,882,892,902,911,921,931,941,950,960,969,979,989,999,1008,1018,1028,1038,1047,1057,1067,1076,1086,1096,1106,1115,1125,1135,1145,1154,1164,1174,1184,1193,1203,1213,1223,1233,1243,1253,1263,1273,1283,1292,1302,1312,1322,1332,1341,1351,1361,1371,1381,1390,1400,1410,1419,1429,1439,1449,1459,1469,1479,1489,1499,1508,1518,1528,1538,1548,1558,1567,1577,1587,1597,1606,1616,1626,1636,1645,1655,1665,1675,1684,1694,1704,1714,1723,1733,1742,1752,1761,1771,1780,1790,1800,1809,1818,1828,1838,1848,1857,1867,1876,1886,1895,1904,1913,1923,1932,1942,1951,1961,1970,1980,1989,1999,-2,-2,-2,-2,-2,-2,-2,-2,-2
-1,19,29,39,49,59,69,79,89,99,110,121,132,142,152,163,173,184,194,205,217,228,239,250,261,271,282,294,305,317,328,340,351,362,374,385,397,409,421,433,444,455,467,477,488,499,511,522,533,544,555,566,577,588,599,609,619,630,640,650,660,670,680,690,701,711,721,731,741,751,761,771,781,791,800,809,819,828,838,848,858,867,877,887,897,907,917,927,936,946,956,965,975,985,995,1004,1014,1024,1034,1043,1053,1063,1072,1082,1092,1102,1111,1121,1131,1141,1150,1160,1170,1180,1190,1200,1210,1219,1229,1239,1249,1259,1269,1279,1289,1299,1309,1319,1329,1338,1348,1358,1368,1377,1387,1397,1406,1416,1426,1436,1446,1456,1466,1475,1485,1495,1505,1514,1524,1534,1544,1554,1564,1574,1583,1593,1603,1613,1623,1633,1642,1652,1662,1672,1681,1691,1701,1711,1720,1730,1739,1749,1758,1768,1777,1787,1797,1807,1816,1825,1835,1845,1855,1865,1873,1883,1892,1901,1911,1920,1930,1940,1949,1959,1968,1978,1987,1997,-2,-2,-2,-2,-2,-2,-2,-2,-2
-1,18,28,39,49,59,69,79,89,99,110,121,131,141,152,162,173,183,193,205,216,227,237,248,259,270,281,292,303,315,326,337,348,360,371,383,395,406,417,429,441,452,463,474,485,496,507,517,528,540,551,562,573,583,594,604,614,625,635,645,656,666,676,686,696,706,716,726,737,747,757,766,776,786,795,805,815,824,834,844,853,863,873,883,893,902,912,922,932,941,951,961,970,980,990,1000,1010,1020,1030,1039,1049,1059,1068,1078,1088,1098,1108,1118,1128,1138,1147,1157,1167,1177,1186,1196,1206,1216,1226,1236,1246,1256,1266,1276,1285,1295,1305,1315,1325,1334,1344,1354,1364,1374,1383,1393,1403,1412,1422,1432,1442,1452,1462,1472,1482,1492,1501,1511,1521,1531,1541,1551,1560,1570,1580,1590,1599,1609,1619,1629,1638,1648,1658,1668,1678,1688,1698,1707,1717,1727,1737,1747,1756,1765,1775,1785,1795,1804,1813,1823,1833,1843,1852,1862,1871,1881,1890,1899,1908,1918,1927,1937,1946,1956,1966,1975,1985,1995,-2,-2,-2,-2,-2,-2,-2,-2,-2
-1,18,28,38,48,58,68,78,88,98,109,120,131,141,152,162,172,183,193,204,215,226,236,247,258,268,279,291,302,313,324,335,346,357,369,380,392,403,414,426,437,448,460,470,481,492,503,513,524,535,546,557,568,579,590,600,610,621,631,641,651,661,671,681,692,702,712,722,732,742,752,762,772,782,791,800,810,819,829,839,849,858,868,878,888,898,908,918,927,937,947,957,966,976,986,996,1006,1016,1026,1035,1045,1055,1064,1074,1084,1094,1104,1114,1124,1134,1143,1153,1163,1173,1183,1193,1203,1212,1222,1232,1242,1252,1262,1272,1282,1292,1302,1312,1322,1331,1341,1351,1361,1370,1380,1390,1399,1409,1419,1429,1439,1449,1459,1468,1478,1488,1498,1507,1517,1527,1537,1547,1557,1567,1576,1586,1596,1606,1616,1626,1635,1645,1655,1665,1675,1685,1695,1704,1714,1724,1734,1744,1753,1762,1772,1782,1792,1802,1811,1820,1830,1840,1850,1860,1868,1878,1887,1896,1906,1915,1925,1935,1944,1954,1964,1973,1983,1992,-2,-2,-2,-2,-2,-2,-2,-2,-2
-1,18,28,38,48,58,68,78,88,99,109,119,130,140,150,161,171,182,192,203,213,224,235,246,256,267,278,289,300,311,322,333,344,355,366,377,388,399,410,421,432,443,454,465,476,487,498,509,520,530,541,552,562,573,584,594,605,615,626,636,646,656,666,676,686,696,706,716,726,736,746,756,766,776,785,795,805,815,825,835,845,855,864,874,884,894,904,913,923,933,943,953,962,972,982,992,1002,1011,1021,1031,1041,1051,1061,1070,1080,1090,1100,1110,1120,1130,1140,1149,1159,1169,1179,1189,1199,1208,1218,1228,1238,1248,1258,1268,1278,1287,1297,1307,1317,1327,1337,1347,1357,1367,1376,1386,1396,1406,1416,1426,1436,1445,1455,1465,1475,1485,1495,1505,1514,1524,1534,1544,1554,1564,1574,1583,1593,1603,1613,1623,1633,1643,1652,1662,1672,1682,1692,1701,1711,1721,1731,1740,1750,1760,1770,1779,1789,1799,1809,1818,1828,1838,1847,1857,1866,1876,1885,1895,1904,1914,1923,1933,1942,1952,1961,1970,1980,1989,1999,-2,-2,-2,-2,-2,-2,-2,-2
7,17,27,37,47,57,67,78,88,98,108,119,129,139,149,160,170,181,191,202,212,223,234,244,255,266,276,287,298,309,320,331,342,353,364,375,386,397,408,418,429,440,451,462,473,484,494,505,516,526,537,548,558,569,579,590,600,611,621,631,642,652,662,672,682,692,702,712,722,732,741,751,761,771,781,791,801,811,821,830,840,850,860,870,880,889,899,909,919,928,938,948,958,968,978,988,997,1007,1017,1027,1037,1047,1057,1066,1076,1086,1096,1106,1116,1126,1136,1145,1155,1165,1175,1185,1195,1205,1214,1224,1234,1244,1254,1264,1274,1284,1294,1303,1313,1323,1333,1343,1353,1363,1373,1383,1392,1402,1412,1422,1432,1442,1452,1462,1471,1481,1491,1501,1511,1521,1531,1541,1551,1560,1570,1580,1590,1600,1610,1620,1629,1639,1649,1659,1669,1679,1688,1698,1708,1718,1728,1737,1747,1757,1767,1776,1786,1796,1806,1815,1825,1835,1844,1854,1864,1873,1883,1892,1902,1912,1921,1931,1940,1950,1959,1968,1978,1987,1997,-2,-2,-2,-2,-2,-2,-2,-2
6,16,26,37,47,57,67,77,87,97,108,118,128,138,149,159,169,180,190,201,211,222,232,243,254,264,275,285,296,307,318,328,339,350,361,372,383,394,405,415,426,437,448,458,469,480,490,501,512,522,533,543,554,564,575,585,596,606,616,627,637,647,657,667,677,687,697,707,717,727,737,747,756,766,776,786,796,806,816,826,836,846,855,865,875,885,895,905,914,924,934,944,954,964,974,984,993,1003,1013,1023,1033,1043,1053,1062,1072,1082,1092,1102,1112,1122,1132,1141,1151,1161,1171,1181,1191,1201,1211,1220,1230,1240,1250,1260,1270,1280,1290,1300,1310,1320,1329,1339,1349,1359,1369,1379,1389,1399,1409,1419,1428,1438,1448,1458,1468,1478,1488,1498,1507,1517,1527,1537,1547,1557,1567,1577,1586,1596,1606,1616,1626,1636,1646,1656,1666,1675,1685,1695,1705,1715,1724,1734,1744,1754,1764,1773,1783,1793,1803,1813,1822,1832,1842,1851,1861,1871,1880,1890,1900,1909,1919,1928,1938,1947,1957,1966,1976,1985,1995,-2,-2,-2,-2,-2,-2,-2,-2
6,16,26,36,46,56,66,76,86,97,107,117,127,138,148,158,168,179,189,199,210,220,231,242,252,262,273,284,294,305,316,326,337,348,359,369,380,391,402,412,423,434,444,455,466,476,487,497,508,518,529,539,550,560,570,581,591,601,612,622,632,642,652,662,672,683,693,703,712,722,732,742,752,762,772,782,792,802,812,821,831,841,851,861,871,881,890,900,910,920,930,940,950,960,969,979,989,999,1009,1019,1029,1039,1049,1058,1068,1078,1088,1098,1108,1118,1128,1138,1147,1157,1167,1177,1187,1197,1207,1217,1227,1236,1246,1256,1266,1276,1286,1296,1306,1316,1326,1336,1346,1356,1365,1375,1385,1395,1405,1415,1425,1435,1445,1455,1465,1474,1484,1494,1504,1514,1524,1534,1544,1554,1564,1573,1583,1593,1603,1613,1623,1633,1643,1653,1662,1672,1682,1692,1702,1712,1721,1731,1741,1751,1761,1771,1780,1790,1800,1810,1820,1829,1839,1849,1859,1868,1878,1888,1897,1907,1917,1926,1936,1945,1955,1964,1974,1983,1993,-2,-2,-2,-2,-2,-2,-2,-2
5,15,25,35,45,55,65,76,86,96,106,116,126,137,147,157,167,178,188,198,209,219,230,240,250,261,271,282,292,303,314,324,335,346,356,367,377,388,399,409,420,430,441,451,462,472,483,493,504,514,525,535,545,556,566,576,587,597,607,617,627,638,648,658,668,678,688,698,708,718,728,738,747,757,767,777,787,797,807,817,827,837,847,856,866,876,886,896,906,916,926,936,945,955,965,975,985,995,1005,1015,1025,1034,1044,1054,1064,1074,1084,1094,1104,1114,1124,1134,1144,1153,1163,1173,1183,1193,1203,1213,1223,1233,1243,1253,1262,1272,1282,1292,1302,1312,1322,1332,1342,1352,1362,1372,1382,1392,1402,1412,1422,1431,1441,1451,1461,1471,1481,1491,1501,1511,1521,1531,1541,1550,1560,1570,1580,1590,1600,1610,1620,1630,1640,1649,1659,1669,1679,1689,1699,1709,1718,1728,1738,1748,1758,1768,1778,1787,1797,1807,1817,1827,1836,1846,1856,1866,1875,1885,1895,1905,1914,1924,1934,1943,1953,1962,1972,1982,1991,-2,-2,-2,-2,-2,-2,-2,-2
4,14,24,34,45,55,65,75,85,95,105,115,125,136,146,156,166,177,187,197,207,218,228,238,249,259,270,280,290,301,311,322,332,343,353,364,374,385,396,406,417,427,437,448,458,469,479,490,500,510,521,531,541,551,562,572,582,592,602,612,623,633,643,653,663,673,683,693,703,713,723,733,743,753,763,773,783,793,803,812,822,832,842,852,862,872,882,892,901,911,921,931,941,951,961,971,981,991,1001,1010,1020,1030,1040,1050,1060,1070,1080,1090,1100,1110,1120,1130,1140,1150,1159,1169,1179,1189,1199,1209,1219,1229,1239,1249,1259,1269,1279,1289,1298,1308,1318,1328,1338,1348,1358,1368,1378,1388,1398,1408,1418,1428,1438,1448,1458,1468,1478,1488,1498,1507,1517,1527,1537,1547,1557,1567,1577,1587,1597,1606,1616,1626,1636,1646,1656,1666,1676,1686,1696,1705,1715,1725,1735,1745,1755,1765,1775,1785,1794,1804,1814,1824,1834,1843,1853,1863,1873,1883,1892,1902,1912,1922,1931,1941,1951,1960,1970,1980,1989,1999,-2,-2,-2,-2,-2,-2,-2
4,14,24,34,44,54,64,74,84,94,104,114,124,135,144,155,165,175,186,196,206,216,227,237,247,257,268,278,288,299,309,320,330,340,351,361,372,382,393,403,413,424,434,444,455,465,475,486,496,506,516,527,537,547,557,568,578,588,598,608,618,628,638,648,658,668,678,688,698,708,718,728,738,748,758,768,778,788,798,808,818,828,838,848,857,867,877,887,897,907,917,927,937,947,957,967,977,986,996,1006,1016,1026,1036,1046,1056,1066,1076,1086,1096,1106,1116,1126,1136,1146,1156,1165,1175,1185,1195,1205,1215,1225,1235,1245,1255,1265,1275,1285,1295,1305,1315,1325,1335,1345,1355,1365,1375,1385,1394,1404,1414,1424,1434,1444,1454,1464,1474,1484,1494,1504,1514,1524,1534,1544,1554,1564,1573,1583,1593,1603,1613,1623,1633,1643,1653,1663,1673,1683,1692,1702,1712,1722,1732,1742,1752,1762,1772,1782,1791,1801,1811,1821,1831,1841,1851,1860,1870,1880,1890,1900,1910,1919,1929,1939,1949,1958,1968,1978,1988,1997,-2,-2,-2,-2,-2,-2,-2
3,13,23,33,43,53,63,73,83,93,103,113,123,133,144,154,164,174,184,194,205,215,225,235,245,256,266,276,286,297,307,317,327,338,348,358,369,379,389,400,410,420,431,441,451,461,472,482,492,502,512,523,533,543,553,563,573,583,593,603,613,624,634,644,654,664,674,684,694,704,714,724,734,744,754,764,774,784,794,804,813,823,833,843,853,863,873,883,893,903,913,923,933,943,953,962,972,982,992,1002,1012,1022,1032,1042,1052,1062,1072,1082,1092,1102,1112,1122,1132,1142,1152,1162,1172,1182,1191,1201,1211,1221,1231,1241,1251,1261,1271,1281,1291,1301,1311,1321,1331,1341,1351,1361,1371,1381,1391,1401,1411,1421,1431,1441,1451,1461,1471,1481,1491,1501,1511,1520,1530,1540,1550,1560,1570,1580,1590,1600,1610,1620,1630,1640,1650,1660,1670,1679,1689,1699,1709,1719,1729,1739,1749,1759,1769,1779,1789,1798,1808,1818,1828,1838,1848,1858,1868,1878,1887,1897,1907,1917,1927,1937,1946,1956,1966,1976,1986,1996,-2,-2,-2,-2,-2,-2,-2
2,12,22,32,42,52,62,72,82,92,102,112,122,132,142,152,163,173,183,193,203,213,223,233,244,254,264,274,284,294,305,315,325,335,345,355,366,376,386,397,407,417,427,437,448,458,468,478,488,498,508,518,528,538,549,559,569,579,589,599,609,619,629,639,649,659,669,679,689,699,709,719,729,739,749,759,769,779,789,799,809,819,829,839,849,859,869,879,888,898,908,918,928,938,948,958,968,978,988,998,1008,1018,1028,1038,1048,1058,1068,1078,1088,1098,1108,1118,1128,1138,1148,1158,1168,1178,1188,1198,1208,1218,1228,1238,1248,1258,1268,1278,1288,1297,1307,1317,1327,1337,1347,1357,1367,1377,1387,1397,1407,1417,1427,1437,1447,1457,1467,1477,1487,1497,1507,1517,1527,1537,1547,1557,1567,1577,1586,1596,1606,1616,1626,1636,1646,1656,1666,1676,1686,1696,1706,1716,1726,1736,1746,1756,1766,1776,1786,1796,1806,1816,1825,1835,1845,1855,1865,1875,1885,1895,1905,1915,1925,1934,1944,1954,1964,1974,1984,1994,-2,-2,-2,-2,-2,-2,-2
1,11,21,31,41,51,61,71,81,91,101,111,121,131,141,151,161,171,181,192,202,212,222,232,242,252,262,272,282,292,302,312,322,332,343,353,363,373,383,393,403,414,424,434,444,454,464,474,484,494,504,514,524,534,544,554,564,574,584,594,604,614,624,634,644,654,665,675,685,695,705,715,725,735,745,755,765,775,785,795,805,815,825,834,844,854,864,874,884,894,904,914,924,934,944,954,964,974,984,994,1004,1014,1024,1034,1044,1054,1064,1074,1084,1094,1104,1114,1124,1134,1144,1154,1164,1174,1184,1194,1204,1214,1224,1234,1244,1254,1264,1274,1284,1294,1304,1314,1324,1334,1344,1354,1364,1374,1384,1394,1404,1414,1424,1434,1444,1453,1463,1473,1483,1493,1503,1513,1523,1533,1543,1553,1563,1573,1583,1593,1603,1613,1623,1633,1643,1653,1663,1673,1683,1693,1703,1713,1723,1733,1743,1753,1763,1773,1783,1793,1803,1813,1823,1833,1843,1853,1863,1872,1882,1892,1902,1912,1922,1932,1942,1952,1962,1972,1982,1992,-2,-2,-2,-2,-2,-2,-2
0,10,20,30,40,50,60,70,80,90,100,110,120,130,140,150,160,170,180,190,200,210,220,230,240,250,260,270,280,290,300,310,320,330,340,350,360,370,380,390,400,410,420,430,440,450,460,470,480,490,500,510,520,530,540,550,560,570,580,590,600,610,620,630,640,650,660,670,680,690,700,710,720,730,740,750,760,770,780,790,800,810,820,830,840,850,860,870,880,890,900,910,920,930,940,950,960,970,980,990,1000,1010,1020,1030,1040,1050,1060,1070,1080,1090,1100,1110,1120,1130,1140,1150,1160,1170,1180,1190,1200,1210,1220,1230,1240,1250,1260,1270,1280,1290,1300,1310,1320,1330,1340,1350,1360,1370,1380,1390,1400,1410,1420,1430,1440,1450,1460,1470,1480,1490,1500,1510,1520,1530,1540,1550,1560,1570,1580,1590,1600,1610,1620,1630,1640,1650,1660,1670,1680,1690,1700,1710,1720,1730,1740,1750,1760,1770,1780,1790,1800,1810,1820,1830,1840,1850,1860,1870,1880,1890,1900,1910,1920,1930,1940,1950,1960,1970,1980,1990,2000,-2,-2,-2,-2,-2,-2
-1,9,19,29,39,49,59,69,79,89,99,109,119,129,139,148,158,168,178,188,198,208,218,228,238,248,258,268,278,288,298,308,317,327,337,347,357,367,377,387,397,407,417,427,437,446,456,466,476,486,496,506,516,526,536,546,556,566,576,586,595,605,615,625,635,645,655,665,675,685,695,705,715,725,735,745,755,765,775,785,795,805,815,825,835,846,856,866,876,886,896,906,916,926,936,946,956,966,976,986,996,1006,1016,1026,1036,1046,1056,1066,1076,1086,1096,1106,1116,1126,1136,1146,1156,1166,1176,1186,1196,1206,1216,1226,1236,1246,1256,1266,1276,1286,1296,1306,1316,1326,1336,1346,1356,1366,1376,1386,1396,1406,1416,1426,1436,1446,1457,1467,1477,1487,1497,1507,1517,1527,1537,1547,1557,1567,1577,1587,1597,1607,1617,1627,1637,1647,1657,1667,1677,1687,1697,1707,1717,1727,1737,1747,1757,1767,1777,1787,1797,1807,1817,1827,1837,1847,1857,1867,1877,1888,1898,1908,1918,1928,1938,1948,1958,1968,1978,1988,1998,-2,-2,-2,-2,-2,-2
-1,8,18,28,38,48,58,68,78,87,97,107,117,127,137,147,157,167,177,187,197,207,216,226,236,246,256,266,276,285,295,305,315,325,335,344,354,364,374,384,394,403,413,423,433,443,453,463,472,482,492,502,512,522,532,542,552,561,571,581,591,601,611,621,631,641,651,661,671,681,691,701,711,721,731,741,751,761,771,781,791,801,811,821,831,841,851,861,871,881,891,901,911,921,931,941,951,961,972,982,992,1002,1012,1022,1032,1042,1052,1062,1072,1082,1092,1102,1112,1122,1132,1142,1152,1162,1172,1182,1192,1202,1212,1222,1232,1242,1252,1262,1272,1282,1292,1302,1312,1323,1333,1343,1353,1363,1373,1383,1393,1403,1413,1423,1433,1443,1453,1463,1473,1483,1493,1503,1513,1523,1533,1543,1553,1563,1573,1583,1593,1603,1613,1624,1634,1644,1654,1664,1674,1684,1694,1704,1714,1724,1734,1744,1754,1764,1774,1784,1794,1804,1814,1824,1835,1845,1855,1865,1875,1885,1895,1905,1915,1925,1936,1946,1956,1966,1976,1986,1996,-2,-2,-2,-2,-2,-2
-1,7,17,27,37,46,56,66,76,86,96,106,116,126,136,146,155,165,175,185,195,205,215,224,234,244,254,264,274,283,293,303,312,322,332,342,351,361,371,380,390,400,410,420,429,439,449,459,469,478,488,498,508,518,528,537,547,557,567,577,586,596,606,616,626,636,646,656,666,676,686,696,706,716,726,736,746,756,766,776,786,796,806,817,827,837,847,857,867,877,887,897,907,917,927,937,947,957,967,977,988,998,1008,1018,1028,1038,1048,1058,1068,1078,1088,1098,1108,1118,1128,1138,1148,1158,1168,1178,1188,1198,1208,1219,1229,1239,1249,1259,1269,1279,1289,1299,1309,1319,1329,1339,1349,1359,1369,1379,1389,1399,1409,1419,1429,1439,1449,1459,1470,1480,1490,1500,1510,1520,1530,1540,1550,1560,1570,1580,1590,1600,1610,1620,1630,1640,1650,1660,1670,1680,1690,1701,1711,1721,1731,1741,1751,1761,1771,1781,1791,1801,1812,1822,1832,1842,1852,1862,1872,1883,1893,1903,1913,1923,1933,1944,1954,1964,1974,1984,1995,-2,-2,-2,-2,-2,-2
-1,6,16,26,35,45,55,65,75,85,95,105,115,124,134,144,154,164,174,183,193,203,213,222,232,242,252,261,271,281,290,300,310,319,329,339,348,358,368,377,387,397,406,416,426,436,445,455,465,474,484,494,504,514,523,533,543,553,562,572,582,592,602,612,622,632,642,652,662,672,682,692,702,712,722,732,742,752,762,772,782,792,802,812,822,832,842,852,863,873,883,893,903,913,923,933,943,953,963,973,983,993,1003,1013,1023,1034,1044,1054,1064,1074,1084,1094,1104,1114,1124,1134,1144,1154,1164,1174,1184,1195,1205,1215,1225,1235,1245,1255,1265,1275,1285,1295,1305,1315,1325,1335,1345,1355,1365,1376,1386,1396,1406,1416,1426,1436,1446,1456,1466,1476,1486,1496,1506,1516,1526,1536,1546,1556,1566,1576,1586,1597,1607,1617,1627,1637,1647,1657,1667,1677,1687,1697,1708,1718,1728,1738,1748,1758,1768,1778,1788,1799,1809,1819,1829,1839,1850,1860,1870,1880,1890,1901,1911,1921,1931,1941,1952,1962,1972,1982,1993,-2,-2,-2,-2,-2,-2
-1,4,14,24,34,44,54,64,74,84,93,103,113,123,133,142,152,162,172,182,191,201,211,220,230,240,250,259,269,279,288,298,307,317,326,336,345,355,364,374,384,393,403,413,422,432,442,451,461,470,480,490,500,510,519,529,538,548,558,568,578,587,597,607,617,627,637,647,657,667,677,687,697,707,717,727,737,748,758,768,778,788,798,808,818,828,838,848,858,868,878,888,898,908,919,929,939,949,959,969,979,989,999,1009,1019,1029,1040,1050,1060,1070,1080,1090,1100,1110,1120,1130,1140,1150,1160,1170,1181,1191,1201,1211,1221,1231,1241,1251,1261,1271,1281,1291,1301,1311,1321,1332,1342,1352,1362,1372,1382,1392,1402,1412,1422,1432,1442,1452,1463,1473,1483,1493,1503,1513,1523,1533,1543,1553,1563,1573,1583,1593,1604,1614,1624,1634,1644,1654,1664,1674,1684,1694,1704,1715,1725,1735,1745,1755,1765,1775,1786,1796,1806,1816,1826,1837,1847,1857,1867,1878,1888,1898,1908,1919,1929,1939,1950,1960,1970,1981,1991,-2,-2,-2,-2,-2,-2
-1,3,13,23,33,43,53,63,72,82,92,102,112,121,131,141,151,160,170,180,190,199,209,218,228,238,247,257,267,276,286,295,305,314,324,333,342,352,361,371,380,390,400,409,419,428,438,447,457,467,476,486,496,505,515,525,534,544,554,563,573,583,593,603,613,623,633,643,653,663,673,683,693,703,713,723,733,743,753,763,773,783,793,803,814,824,834,844,854,864,874,884,894,904,914,924,935,945,955,965,975,985,995,1005,1015,1025,1035,1046,1056,1066,1076,1086,1096,1106,1116,1126,1136,1146,1156,1167,1177,1187,1197,1207,1217,1227,1237,1247,1257,1267,1277,1288,1298,1308,1318,1328,1338,1348,1358,1368,1378,1388,1398,1408,1419,1429,1439,1449,1459,1469,1479,1489,1499,1509,1519,1529,1540,1550,1560,1570,1580,1590,1600,1610,1620,1630,1641,1651,1661,1671,1681,1691,1701,1711,1722,1732,1742,1752,1762,1773,1783,1793,1803,1813,1824,1834,1844,1854,1865,1875,1885,1896,1906,1916,1927,1937,1947,1958,1968,1979,1989,2000,-2,-2,-2,-2,-2
-1,2,12,22,32,42,51,61,71,81,91,100,110,120,130,139,149,159,168,178,188,197,207,216,226,236,245,255,264,274,283,293,302,311,321,330,339,349,358,368,377,386,396,406,415,425,434,444,453,463,472,482,492,501,511,520,530,540,549,559,569,578,588,598,608,618,628,638,648,658,668,678,688,698,708,718,728,738,748,759,769,779,789,799,809,819,829,839,849,860,870,880,890,900,910,920,930,940,951,961,971,981,991,1001,1011,1021,1031,1042,1052,1062,1072,1082,1092,1102,1112,1122,1132,1142,1153,1163,1173,1183,1193,1203,1213,1223,1233,1243,1253,1264,1274,1284,1294,1304,1314,1324,1334,1344,1354,1364,1375,1385,1395,1405,1415,1425,1435,1445,1455,1465,1476,1486,1496,1506,1516,1526,1536,1546,1556,1567,1577,1587,1597,1607,1617,1627,1637,1647,1658,1668,1678,1688,1698,1708,1718,1729,1739,1749,1760,1770,1780,1790,1800,1811,1821,1831,1841,1852,1862,1873,1883,1893,1904,1914,1924,1935,1945,1956,1966,1977,1987,1998,-2,-2,-2,-2,-2
-1,0,10,20,30,40,50,60,70,79,89,99,109,118,128,138,147,157,167,176,186,195,205,214,224,233,243,252,262,271,281,290,299,309,318,327,336,346,355,364,374,383,392,402,411,421,430,440,449,459,468,478,488,497,507,516,526,535,545,555,564,574,584,594,604,614,624,634,644,654,664,674,684,694,704,714,724,734,744,754,764,774,784,795,805,815,825,835,845,855,865,875,885,896,906,916,926,936,946,957,967,977,987,997,1007,1017,1027,1037,1048,1058,1068,1078,1088,1098,1108,1118,1128,1139,1149,1159,1169,1179,1189,1199,1209,1219,1230,1240,1250,1260,1270,1280,1290,1300,1310,1320,1331,1341,1351,1361,1371,1381,1391,1401,1411,1422,1432,1442,1452,1462,1472,1482,1492,1502,1513,1523,1533,1543,1553,1563,1573,1583,1594,1604,1614,1624,1634,1644,1654,1665,1675,1685,1695,1705,1716,1726,1736,1746,1757,1767,1777,1787,1798,1808,1818,1828,1839,1849,1860,1870,1880,1891,1901,1912,1922,1933,1943,1954,1964,1975,1985,1996,-2,-2,-2,-2,-2
-1,-1,9,19,29,39,49,58,68,78,88,97,107,117,126,136,145,155,165,174,184,193,203,212,222,231,241,250,259,269,278,287,297,306,315,324,333,343,352,361,370,380,389,398,408,417,427,436,446,455,465,474,484,493,503,512,522,531,541,550,560,570,580,589,599,609,619,629,639,649,659,669,679,689,699,709,719,729,739,750,760,770,780,790,800,810,820,830,841,851,861,871,881,891,901,912,922,932,942,952,962,973,983,993,1003,1013,1023,1033,1043,1054,1064,1074,1084,1094,1104,1114,1124,1135,1145,1155,1165,1175,1185,1195,1205,1216,1226,1236,1246,1256,1266,1276,1286,1297,1307,1317,1327,1337,1347,1357,1367,1377,1388,1398,1408,1418,1428,1438,1448,1458,1469,1479,1489,1499,1509,1519,1529,1540,1550,1560,1570,1580,1590,1600,1611,1621,1631,1641,1651,1661,1672,1682,1692,1702,1712,1723,1733,1743,1754,1764,1774,1784,1795,1805,1815,1826,1836,1846,1857,1867,1878,1888,1899,1909,1920,1930,1941,1951,1962,1973,1983,1994,-2,-2,-2,-2,-2
-1,-1,8,17,27,37,47,57,67,76,86,96,105,115,125,134,144,153,163,172,182,191,201,210,220,229,238,248,257,266,275,285,294,303,312,321,330,339,349,358,367,376,386,395,404,414,423,433,442,451,461,470,480,489,498,508,517,527,536,546,556,565,575,585,595,605,615,625,635,645,655,665,675,685,695,705,715,725,735,745,755,765,775,786,796,806,816,826,836,846,857,867,877,887,897,907,918,928,938,948,958,968,978,989,999,1009,1019,1029,1039,1049,1060,1070,1080,1090,1100,1110,1120,1131,1141,1151,1161,1171,1181,1191,1202,1212,1222,1232,1242,1252,1262,1272,1283,1293,1303,1313,1323,1333,1343,1354,1364,1374,1384,1394,1404,1414,1424,1435,1445,1455,1465,1475,1485,1495,1506,1516,1526,1536,1546,1556,1566,1577,1587,1597,1607,1617,1628,1638,1648,1658,1668,1679,1689,1699,1709,1720,1730,1740,1750,1761,1771,1781,1792,1802,1813,1823,1833,1844,1854,1865,1875,1886,1896,1907,1917,1928,1939,1949,1960,1971,1981,1992,-2,-2,-2,-2,-2
-1,-1,6,16,26,36,46,55,65,75,84,94,104,113,123,132,142,151,161,170,180,189,199,208,218,227,236,245,254,264,273,282,291,300,309,318,327,336,345,354,364,373,382,392,401,410,420,429,438,448,457,466,476,485,494,504,513,523,532,542,551,561,571,581,590,600,610,620,630,640,650,660,670,680,690,700,710,720,730,741,751,761,771,781,791,801,812,822,832,842,852,862,873,883,893,903,913,923,934,944,954,964,974,984,995,1005,1015,1025,1035,1045,1056,1066,1076,1086,1096,1106,1117,1127,1137,1147,1157,1167,1177,1188,1198,1208,1218,1228,1238,1248,1259,1269,1279,1289,1299,1309,1319,1330,1340,1350,1360,1370,1380,1390,1401,1411,1421,1431,1441,1451,1461,1472,1482,1492,1502,1512,1522,1533,1543,1553,1563,1573,1583,1594,1604,1614,1624,1634,1645,1655,1665,1675,1686,1696,1706,1716,1727,1737,1747,1758,1768,1778,1789,1799,1810,1820,1831,1841,1852,1862,1873,1883,1894,1904,1915,1926,1936,1947,1958,1969,1979,1989,2000,-2,-2,-2,-2
-1,-1,5,14,24,34,44,54,63,73,83,92,102,112,121,131,140,150,159,169,178,187,197,206,215,225,234,243,252,261,270,279,288,297,306,315,324,333,342,351,360,370,379,388,397,407,416,425,435,444,453,462,472,481,490,500,509,519,528,538,547,557,566,576,586,596,606,616,626,636,646,656,666,676,686,696,706,716,726,736,746,756,767,777,787,797,807,817,828,838,848,858,868,878,889,899,909,919,929,940,950,960,970,980,990,1001,1011,1021,1031,1041,1052,1062,1072,1082,1092,1102,1113,1123,1133,1143,1153,1163,1174,1184,1194,1204,1214,1224,1234,1245,1255,1265,1275,1285,1295,1306,1316,1326,1336,1346,1356,1367,1377,1387,1397,1407,1417,1427,1438,1448,1458,1468,1478,1488,1499,1509,1519,1529,1539,1549,1560,1570,1580,1590,1601,1611,1621,1631,1641,1652,1662,1672,1682,1693,1703,1713,1724,1734,1744,1755,1765,1776,1786,1796,1807,1817,1828,1838,1849,1860,1870,1881,1891,1902,1913,1923,1934,1945,1956,1966,1977,1988,1999,-2,-2,-2,-2
-1,-1,3,13,23,33,42,52,62,71,81,91,100,110,119,129,138,148,157,166,176,185,194,204,213,222,231,240,249,258,267,276,285,294,303,312,321,330,339,348,357,366,375,385,394,403,412,422,431,440,449,458,468,477,486,496,505,514,524,533,543,552,562,572,582,591,601,611,621,631,641,651,661,671,681,691,701,711,721,732,742,752,762,772,782,793,803,813,823,833,844,854,864,874,884,895,905,915,925,935,946,956,966,976,986,997,1007,1017,1027,1037,1047,1058,1068,1078,1088,1098,1109,1119,1129,1139,1149,1159,1170,1180,1190,1200,1210,1220,1231,1241,1251,1261,1271,1281,1292,1302,1312,1322,1332,1342,1353,1363,1373,1383,1393,1404,1414,1424,1434,1444,1454,1465,1475,1485,1495,1505,1515,1526,1536,1546,1556,1566,1577,1587,1597,1607,1618,1628,1638,1648,1659,1669,1679,1690,1700,1710,1721,1731,1741,1752,1762,1773,1783,1794,1804,1815,1825,1836,1846,1857,1868,1878,1889,1900,1910,1921,1932,1943,1953,1964,1975,1986,1997,-2,-2,-2,-2
-1,-1,1,11,21,31,41,50,60,70,79,89,98,108,117,127,136,146,155,164,174,183,192,202,211,220,229,238,247,256,265,274,282,291,300,309,318,327,336,345,354,363,372,381,390,400,409,418,427,436,445,455,464,473,482,492,501,510,519,529,538,548,558,567,577,587,597,607,616,626,636,646,656,667,677,687,697,707,717,727,737,747,758,768,778,788,798,809,819,829,839,849,860,870,880,890,901,911,921,931,941,952,962,972,982,992,1003,1013,1023,1033,1043,1054,1064,1074,1084,1094,1105,1115,1125,1135,1145,1156,1166,1176,1186,1196,1206,1217,1227,1237,1247,1257,1267,1278,1288,1298,1308,1318,1328,1339,1349,1359,1369,1379,1390,1400,1410,1420,1430,1441,1451,1461,1471,1481,1492,1502,1512,1522,1532,1543,1553,1563,1573,1584,1594,1604,1614,1625,1635,1645,1655,1666,1676,1686,1697,1707,1717,1728,1738,1749,1759,1770,1780,1791,1801,1812,1822,1833,1844,1854,1865,1876,1886,1897,1908,1919,1929,1940,1951,1962,1973,1984,1995,-2,-2,-2,-2
-1,-1,0,10,20,29,39,49,58,68,78,87,97,106,116,125,134,144,153,162,171,181,190,199,208,217,226,235,244,253,262,271,280,288,297,306,315,324,332,341,350,359,368,378,387,396,405,414,423,432,442,451,460,469,478,487,497,506,515,525,534,544,553,563,573,582,592,602,612,622,632,642,652,662,672,682,692,702,712,723,733,743,753,763,774,784,794,804,814,825,835,845,855,866,876,886,896,906,917,927,937,947,958,968,978,988,998,1009,1019,1029,1039,1050,1060,1070,1080,1090,1101,1111,1121,1131,1141,1152,1162,1172,1182,1192,1202,1213,1223,1233,1243,1253,1264,1274,1284,1294,1304,1315,1325,1335,1345,1355,1366,1376,1386,1396,1406,1417,1427,1437,1447,1457,1468,1478,1488,1498,1509,1519,1529,1539,1549,1560,1570,1580,1590,1601,1611,1621,1632,1642,1652,1662,1673,1683,1693,1704,1714,1725,1735,1746,1756,1767,1777,1788,1798,1809,1819,1830,1841,1852,1862,1873,1884,1895,1905,1916,1927,1938,1949,1960,1971,1982,1993,-2,-2,-2,-2
-1,-1,-1,8,18,28,37,47,57,66,76,85,95,104,114,123,132,142,151,160,169,178,188,197,206,215,224,233,242,251,259,268,277,286,294,303,312,320,329,338,347,356,365,374,383,392,401,410,419,428,438,447,456,465,474,483,492,502,511,520,530,539,549,558,568,578,588,598,607,617,627,637,647,657,668,678,688,698,708,718,728,739,749,759,769,780,790,800,810,820,831,841,851,861,871,882,892,902,912,923,933,943,953,964,974,984,994,1005,1015,1025,1035,1045,1056,1066,1076,1086,1097,1107,1117,1127,1137,1148,1158,1168,1178,1188,1199,1209,1219,1229,1239,1250,1260,1270,1280,1290,1301,1311,1321,1331,1341,1352,1362,1372,1382,1393,1403,1413,1423,1434,1444,1454,1464,1474,1485,1495,1505,1515,1526,1536,1546,1556,1567,1577,1587,1597,1608,1618,1628,1639,1649,1659,1670,1680,1690,1701,1711,1722,1732,1743,1753,1764,1774,1785,1795,1806,1817,1827,1838,1849,1860,1870,1881,1892,1903,1914,1925,1936,1947,1958,1969,1980,1992,-2,-2,-2,-2
-1,-1,-1,6,16,26,36,45,55,64,74,83,93,102,112,121,130,140,149,158,167,176,185,195,204,213,222,230,239,248,257,265,274,283,291,300,309,317,326,335,344,353,362,371,380,389,398,407,416,425,434,443,452,461,470,479,488,498,507,516,526,535,545,554,564,574,583,593,603,613,623,633,643,653,663,673,683,693,704,714,724,734,744,755,765,775,785,796,806,816,826,836,847,857,867,877,888,898,908,918,929,939,949,959,970,980,990,1000,1011,1021,1031,1041,1052,1062,1072,1082,1092,1103,1113,1123,1133,1144,1154,1164,1174,1184,1195,1205,1215,1225,1236,1246,1256,1266,1276,1287,1297,1307,1317,1328,1338,1348,1358,1368,1379,1389,1399,1409,1420,1430,1440,1450,1461,1471,1481,1491,1502,1512,1522,1532,1543,1553,1563,1573,1584,1594,1604,1615,1625,1635,1646,1656,1666,1677,1687,1698,1708,1718,1729,1739,1750,1761,1771,1782,1792,1803,1814,1825,1835,1846,1857,1868,1879,1890,1900,1911,1922,1934,1945,1956,1967,1978,1990,-2,-2,-2,-2
-1,-1,-1,5,14,24,34,43,53,62,72,81,91,100,110,119,128,137,147,156,165,174,183,192,201,210,219,228,237,245,254,263,271,280,288,297,306,314,323,332,340,349,358,367,376,385,394,403,412,421,430,439,448,457,466,475,484,494,503,512,521,531,540,550,559,569,579,589,598,608,618,628,638,648,658,668,679,689,699,709,720,730,740,750,760,771,781,791,801,811,822,832,842,852,863,873,883,894,904,914,924,935,945,955,966,976,986,996,1007,1017,1027,1037,1048,1058,1068,1078,1088,1099,1109,1119,1129,1140,1150,1160,1170,1181,1191,1201,1211,1221,1232,1242,1252,1262,1273,1283,1293,1303,1314,1324,1334,1344,1354,1365,1375,1385,1395,1406,1416,1426,1436,1447,1457,1467,1478,1488,1498,1508,1519,1529,1539,1549,1560,1570,1580,1591,1601,1611,1622,1632,1642,1653,1663,1674,1684,1694,1705,1715,1726,1736,1747,1758,1768,1779,1790,1800,1811,1822,1833,1844,1854,1865,1876,1887,1898,1909,1920,1931,1943,1954,1965,1976,1988,2000,-2,-2,-2
-1,-1,-1,3,13,22,32,42,51,61,70,79,89,98,108,117,126,135,144,153,163,172,181,190,199,208,216,225,234,243,251,260,268,277,285,294,303,311,320,328,337,346,355,363,372,381,390,399,408,417,426,435,444,453,462,471,480,489,499,508,517,526,536,545,555,565,574,584,594,604,614,624,634,644,654,664,674,684,694,705,715,725,735,746,756,766,776,787,797,807,817,828,838,848,858,869,879,889,900,910,920,930,941,951,961,972,982,992,1003,1013,1023,1033,1044,1054,1064,1074,1084,1095,1105,1115,1125,1136,1146,1156,1166,1177,1187,1197,1207,1218,1228,1238,1248,1259,1269,1279,1289,1299,1310,1320,1330,1340,1351,1361,1371,1382,1392,1402,1412,1423,1433,1443,1453,1464,1474,1484,1495,1505,1515,1525,1536,1546,1556,1567,1577,1587,1598,1608,1618,1629,1639,1649,1660,1670,1681,1691,1702,1712,1723,1733,1744,1755,1765,1776,1787,1797,1808,1819,1830,1841,1852,1862,1873,1884,1895,1907,1918,1929,1940,1952,1963,1975,1987,1999,-2,-2,-2
-1,-1,-1,1,11,20,30,40,49,59,68,77,87,96,105,115,124,133,142,151,160,169,178,187,196,205,214,223,231,240,248,257,266,274,283,291,300,308,317,325,334,342,351,360,369,378,387,395,404,413,422,431,440,449,458,467,476,485,494,504,513,522,532,541,551,560,570,580,589,599,609,619,629,639,649,659,670,680,690,700,710,721,731,741,751,761,772,782,792,803,813,823,833,844,854,864,875,885,895,906,916,926,937,947,957,968,978,988,998,1009,1019,1029,1039,1050,1060,1070,1080,1091,1101,1111,1121,1132,1142,1152,1162,1173,1183,1193,1203,1214,1224,1234,1244,1255,1265,1275,1285,1296,1306,1316,1326,1337,1347,1357,1368,1378,1388,1398,1409,1419,1429,1439,1450,1460,1470,1481,1491,1501,1512,1522,1532,1543,1553,1563,1574,1584,1594,1605,1615,1625,1636,1646,1657,1667,1677,1688,1698,1709,1720,1730,1741,1751,1762,1773,1784,1794,1805,1816,1827,1838,1849,1860,1871,1882,1893,1904,1915,1927,1938,1950,1961,1973,1985,1997,-2,-2,-2
-1,-1,-1,-1,9,19,28,38,47,57,66,75,85,94,103,113,122,131,140,149,158,167,176,185,194,202,211,220,228,237,246,254,263,271,280,288,296,305,313,322,330,339,348,356,365,374,383,392,400,409,418,427,436,445,454,463,472,481,490,499,509,518,527,537,546,556,565,575,585,595,605,615,625,635,645,655,665,675,685,696,706,716,726,737,747,757,767,778,788,798,808,819,829,839,850,860,870,881,891,901,912,922,932,943,953,963,974,984,994,1004,1015,1025,1035,1046,1056,1066,1076,1087,1097,1107,1117,1128,1138,1148,1158,1169,1179,1189,1200,1210,1220,1230,1241,1251,1261,1271,1282,1292,1302,1312,1323,1333,1343,1354,1364,1374,1384,1395,1405,1415,1426,1436,1446,1457,1467,1477,1488,1498,1508,1519,1529,1539,1550,1560,1570,1581,1591,1601,1612,1622,1632,1643,1653,1664,1674,1685,1695,1706,1716,1727,1738,1748,1759,1770,1781,1791,1802,1813,1824,1835,1846,1857,1868,1879,1890,1902,1913,1924,1936,1947,1959,1971,1983,1995,-2,-2,-2
-1,-1,-1,-1,7,17,26,36,45,55,64,73,83,92,101,110,120,129,138,147,156,164,173,182,191,200,209,217,226,234,243,251,260,268,277,285,293,302,310,318,327,336,344,353,362,370,379,388,396,405,414,423,432,441,450,459,468,477,486,495,504,513,523,532,542,551,561,571,580,590,600,610,620,630,640,650,660,671,681,691,701,712,722,732,742,753,763,773,783,794,804,814,824,835,845,856,866,876,887,897,907,918,928,938,949,959,969,980,990,1000,1011,1021,1031,1041,1052,1062,1072,1083,1093,1103,1113,1124,1134,1144,1155,1165,1175,1185,1196,1206,1216,1226,1237,1247,1257,1267,1278,1288,1298,1309,1319,1329,1339,1350,1360,1370,1381,1391,1401,1412,1422,1432,1443,1453,1463,1474,1484,1494,1505,1515,1526,1536,1546,1556,1567,1577,1588,1598,1608,1619,1629,1640,1650,1660,1671,1682,1692,1703,1713,1724,1735,1745,1756,1767,1778,1788,1799,1810,1821,1832,1843,1854,1866,1877,1888,1899,1910,1922,1933,1945,1957,1969,1981,1993,-2,-2,-2
-1,-1,-1,-1,5,15,24,34,43,53,62,71,81,90,99,108,117,126,135,144,153,162,171,180,188,197,206,214,223,232,240,249,257,265,274,282,290,299,307,315,324,332,341,349,358,367,375,384,393,401,410,419,428,437,446,455,464,473,482,491,500,509,518,528,537,547,557,566,576,586,596,606,616,626,636,646,656,666,676,687,697,707,717,728,738,748,758,769,779,789,799,810,820,830,841,851,862,872,882,893,903,913,924,934,944,955,965,976,986,996,1006,1017,1027,1037,1048,1058,1068,1079,1089,1099,1109,1120,1130,1140,1151,1161,1171,1181,1192,1202,1212,1223,1233,1243,1253,1264,1274,1284,1294,1305,1315,1325,1336,1346,1356,1367,1377,1387,1398,1408,1418,1429,1439,1449,1460,1470,1481,1491,1501,1512,1522,1532,1543,1553,1563,1574,1584,1595,1605,1615,1626,1636,1647,1657,1668,1678,1689,1700,1710,1721,1732,1742,1753,1764,1775,1786,1797,1808,1819,1830,1841,1852,1863,1874,1885,1897,1908,1919,1931,1943,1955,1967,1979,1991,-2,-2,-2
-1,-1,-1,-1,3,13,22,32,41,51,60,69,78,88,97,106,115,124,133,142,151,159,168,177,186,195,203,212,220,229,237,246,254,263,271,279,287,296,304,312,320,329,337,346,354,363,372,380,389,398,406,415,424,433,442,451,460,469,478,487,496,505,514,523,533,542,552,562,572,581,591,601,611,621,631,641,651,662,672,682,692,703,713,723,733,744,754,764,774,785,795,805,816,826,836,847,857,868,878,888,899,909,920,930,940,951,961,971,982,992,1002,1013,1023,1033,1044,1054,1064,1074,1085,1095,1105,1116,1126,1136,1147,1157,1167,1177,1188,1198,1208,1219,1229,1239,1250,1260,1270,1280,1291,1301,1311,1322,1332,1342,1353,1363,1373,1384,1394,1404,1415,1425,1435,1446,1456,1466,1477,1487,1498,1508,1518,1529,1539,1550,1560,1570,1581,1591,1602,1612,1622,1633,1643,1654,1665,1675,1686,1696,1707,1718,1729,1739,1750,1761,1772,1783,1794,1805,1816,1827,1838,1849,1860,1872,1883,1894,1905,1917,1929,1941,1953,1965,1977,1989,-2,-2,-2
-1,-1,-1,-1,1,11,20,30,39,48,58,67,76,85,94,104,113,122,130,139,148,157,166,174,183,192,200,209,218,226,235,243,251,260,268,276,284,292,301,309,317,325,334,342,351,359,368,376,385,394,402,411,420,429,438,446,455,464,473,482,491,501,510,519,529,538,548,557,567,577,587,596,606,617,627,637,647,657,667,678,688,698,708,719,729,739,749,760,770,780,791,801,811,822,832,842,853,863,874,884,894,905,915,926,936,946,957,967,977,988,998,1008,1019,1029,1039,1050,1060,1070,1081,1091,1101,1112,1122,1132,1143,1153,1163,1173,1184,1194,1204,1215,1225,1235,1246,1256,1266,1276,1287,1297,1307,1318,1328,1338,1349,1359,1369,1380,1390,1401,1411,1421,1432,1442,1452,1463,1473,1484,1494,1504,1515,1525,1536,1546,1556,1567,1577,1588,1598,1609,1619,1630,1640,1651,1661,1672,1683,1693,1704,1715,1725,1736,1747,1758,1769,1780,1791,1802,1813,1824,1835,1846,1858,1869,1880,1892,1903,1914,1926,1938,1951,1963,1975,1987,2000,-2,-2
-1,-1,-1,-1,-1,9,18,28,37,46,56,65,74,83,92,101,110,119,128,137,146,154,163,172,181,189,198,206,215,223,232,240,248,257,265,273,281,289,297,305,314,322,330,339,347,356,364,373,381,390,399,407,416,425,434,442,451,460,469,478,487,496,506,515,524,534,543,553,562,572,582,592,602,612,622,632,642,653,663,673,683,694,704,714,724,735,745,755,765,776,786,796,807,817,828,838,849,859,869,880,890,901,911,921,932,942,952,963,973,984,994,1004,1015,1025,1035,1046,1056,1066,1077,1087,1097,1108,1118,1128,1139,1149,1159,1169,1180,1190,1200,1211,1221,1231,1242,1252,1262,1273,1283,1293,1304,1314,1324,1335,1345,1355,1366,1376,1386,1397,1407,1418,1428,1438,1449,1459,1470,1480,1491,1501,1511,1522,1532,1543,1553,1563,1574,1584,1595,1605,1616,1626,1637,1647,1658,1669,1679,1690,1701,1711,1722,1733,1744,1755,1766,1777,1788,1799,1810,1821,1832,1844,1855,1866,1877,1889,1900,1912,1924,1936,1948,1960,1972,1984,1997,-2,-2
-1,-1,-1,-1,-1,7,16,25,35,44,53,63,72,81,90,99,108,117,126,134,143,152,161,169,178,187,195,204,212,220,229,237,245,254,262,270,278,286,294,302,310,318,327,335,344,352,360,369,377,386,395,403,412,421,430,438,447,456,465,474,483,492,502,511,520,530,539,549,558,568,578,588,598,608,618,628,638,648,658,668,679,689,699,710,720,730,740,751,761,771,782,792,802,813,823,834,844,855,865,876,886,896,907,917,927,938,948,959,969,979,990,1000,1010,1021,1031,1042,1052,1062,1073,1083,1093,1104,1114,1124,1135,1145,1155,1166,1176,1186,1196,1207,1217,1228,1238,1248,1258,1269,1279,1290,1300,1310,1321,1331,1341,1352,1362,1372,1383,1393,1404,1414,1424,1435,1445,1456,1466,1477,1487,1498,1508,1518,1529,1539,1550,1560,1570,1581,1591,1602,1612,1623,1633,1644,1655,1665,1676,1687,1697,1708,1719,1730,1741,1752,1763,1774,1785,1796,1807,1818,1829,1841,1852,1863,1875,1886,1898,1910,1922,1934,1946,1958,1970,1983,1995,-2,-2
-1,-1,-1,-1,-1,5,14,23,33,42,51,60,69,78,88,96,105,114,123,132,140,149,158,167,175,184,192,201,209,218,226,234,242,251,259,267,275,283,291,299,307,315,323,332,340,348,357,365,374,382,391,399,408,417,426,434,443,452,461,470,479,488,497,507,516,525,535,544,554,563,573,583,593,603,613,623,633,644,654,664,674,685,695,705,715,726,736,746,757,767,777,788,798,808,819,829,840,850,861,871,882,892,902,913,923,934,944,954,965,975,986,996,1006,1017,1027,1037,1048,1058,1068,1079,1089,1100,1110,1120,1131,1141,1151,1162,1172,1182,1193,1203,1213,1224,1234,1244,1255,1265,1275,1286,1296,1306,1317,1327,1338,1348,1358,1369,1379,1390,1400,1410,1421,1431,1442,1452,1463,1473,1483,1494,1504,1515,1525,1536,1546,1556,1567,1577,1588,1598,1609,1620,1630,1641,1651,1662,1673,1683,1694,1705,1716,1727,1738,1749,1760,1771,1782,1793,1804,1815,1827,1838,1849,1861,1872,1884,1895,1907,1919,1931,1944,1956,1969,1981,1994,-2,-2
-1,-1,-1,-1,-1,2,12,21,30,40,49,58,67,76,85,94,103,112,120,129,138,147,155,164,173,181,190,198,206,215,223,231,239,247,256,264,272,280,287,295,303,312,320,328,336,345,353,361,370,378,387,396,404,413,422,430,439,448,457,466,475,484,493,502,512,521,531,540,550,559,569,579,588,598,609,619,629,639,649,660,670,680,690,701,711,721,732,742,752,762,773,783,794,804,815,825,835,846,856,867,877,888,898,908,919,929,940,950,961,971,981,992,1002,1013,1023,1033,1044,1054,1064,1075,1085,1095,1106,1116,1127,1137,1147,1158,1168,1178,1189,1199,1209,1220,1230,1240,1251,1261,1271,1282,1292,1302,1313,1323,1334,1344,1355,1365,1375,1386,1396,1407,1417,1428,1438,1449,1459,1469,1480,1490,1501,1511,1522,1532,1542,1553,1563,1574,1584,1595,1606,1616,1627,1637,1648,1659,1669,1680,1691,1702,1713,1724,1735,1746,1757,1768,1779,1790,1801,1812,1824,1835,1846,1858,1870,1881,1893,1904,1916,1929,1942,1954,1967,1980,1993,-2,-2
-1,-1,-1,-1,-1,0,10,19,28,37,47,56,65,74,83,92,100,109,118,126,135,144,153,161,170,178,187,195,203,212,220,228,236,244,252,260,268,276,284,292,300,308,316,324,333,341,349,358,366,375,383,392,400,409,418,426,435,444,453,462,471,480,489,498,508,517,526,536,545,555,564,574,584,594,604,614,624,635,645,655,665,676,686,696,707,717,727,737,748,758,768,779,789,800,810,821,831,841,852,862,873,883,894,904,915,925,935,946,956,967,977,988,998,1008,1019,1029,1040,1050,1060,1071,1081,1091,1102,1112,1122,1133,1143,1154,1164,1174,1185,1195,1205,1216,1226,1236,1247,1257,1268,1278,1288,1299,1309,1319,1330,1340,1351,1361,1372,1382,1393,1403,1414,1424,1434,1445,1455,1466,1476,1487,1497,1508,1518,1528,1539,1549,1560,1570,1581,1592,1602,1613,1623,1634,1645,1655,1666,1677,1688,1699,1710,1721,1732,1743,1754,1765,1776,1787,1798,1810,1821,1832,1844,1855,1867,1878,1890,1902,1914,1926,1939,1952,1965,1978,1991,-2,-2
-1,-1,-1,-1,-1,-1,7,17,26,35,44,53,62,71,80,89,98,107,115,124,133,141,150,159,167,176,184,192,201,209,217,225,233,241,249,257,265,273,281,289,297,305,313,321,329,337,346,355,362,371,379,388,396,405,414,422,431,440,449,458,467,476,485,494,503,513,522,531,541,550,560,570,580,589,600,610,620,630,640,651,661,671,682,692,702,712,723,733,743,754,764,774,785,795,806,816,827,837,847,858,868,879,889,900,910,921,931,942,952,963,973,983,994,1004,1015,1025,1035,1046,1056,1066,1077,1087,1098,1108,1118,1129,1139,1150,1160,1170,1181,1191,1201,1212,1222,1233,1243,1253,1264,1274,1284,1295,1305,1316,1326,1337,1347,1357,1368,1378,1389,1399,1410,1420,1431,1441,1452,1462,1473,1483,1494,1504,1514,1525,1535,1546,1556,1567,1577,1588,1599,1609,1620,1631,1641,1652,1663,1674,1684,1695,1706,1717,1728,1739,1751,1762,1773,1784,1795,1807,1818,1830,1841,1853,1864,1876,1887,1899,1912,1924,1937,1949,1962,1975,1988,-2,-2
-1,-1,-1,-1,-1,-1,5,14,24,33,42,51,60,69,78,87,95,104,113,121,130,139,147,156,164,173,181,189,198,206,214,222,230,238,246,254,262,270,278,285,293,301,309,317,326,334,342,350,359,367,375,384,392,401,410,418,427,436,445,454,463,472,481,490,499,508,518,527,536,546,556,565,575,585,595,605,616,626,636,646,656,667,677,687,698,708,718,728,739,749,759,770,780,791,801,812,822,833,843,854,864,875,885,895,906,916,927,937,948,958,969,979,990,1000,1010,1021,1031,1042,1052,1062,1073,1083,1094,1104,1114,1125,1135,1146,1156,1166,1177,1187,1198,1208,1218,1229,1239,1249,1260,1270,1280,1291,1301,1312,1322,1333,1343,1354,1364,1375,1385,1396,1406,1417,1427,1438,1448,1459,1469,1479,1490,1500,1511,1521,1532,1542,1553,1563,1574,1585,1595,1606,1617,1627,1638,1649,1659,1670,1681,1692,1703,1714,1725,1736,1748,1759,1770,1781,1792,1804,1815,1827,1838,1850,1861,1873,1885,1897,1909,1922,1935,1947,1960,1973,1986,1999,-2
-1,-1,-1,-1,-1,-1,3,12,21,31,40,49,58,66,75,84,93,101,110,119,127,136,144,153,161,170,178,187,195,203,211,219,227,235,243,251,259,266,274,282,290,298,306,314,322,330,338,347,355,363,372,380,388,397,406,414,423,432,441,449,458,467,476,486,495,504,513,523,532,542,551,561,571,580,591,601,611,621,632,642,652,662,672,683,693,703,714,724,734,745,755,765,776,786,797,807,818,828,839,849,860,870,881,891,902,912,923,933,944,954,965,975,985,996,1006,1017,1027,1037,1048,1058,1069,1079,1090,1100,1110,1121,1131,1142,1152,1162,1173,1183,1194,1204,1214,1225,1235,1245,1256,1266,1277,1287,1297,1308,1318,1329,1339,1350,1360,1371,1381,1392,1402,1413,1423,1434,1444,1455,1465,1476,1486,1497,1507,1518,1528,1539,1549,1560,1571,1581,1592,1602,1613,1624,1635,1645,1656,1667,1678,1689,1700,1711,1722,1733,1744,1756,1767,1778,1790,1801,1812,1824,1835,1847,1859,1870,1882,1894,1907,1919,1932,1945,1958,1971,1984,1997,-2
-1,-1,-1,-1,-1,-1,1,10,19,28,38,46,55,64,73,81,90,99,107,116,124,133,142,150,159,167,175,184,192,200,208,216,224,232,240,248,256,263,271,279,286,294,302,310,318,326,335,343,351,359,368,376,384,393,401,410,419,428,436,445,454,463,472,481,491,500,509,518,528,537,547,556,566,576,586,596,607,617,627,637,647,658,668,678,689,699,709,720,730,740,750,761,771,782,792,803,813,824,834,845,855,866,876,887,897,908,918,929,939,950,960,971,981,992,1002,1012,1023,1033,1044,1054,1065,1075,1085,1096,1106,1117,1127,1138,1148,1158,1169,1179,1190,1200,1210,1221,1231,1241,1252,1262,1273,1283,1294,1304,1315,1325,1336,1346,1357,1367,1378,1388,1399,1409,1420,1430,1441,1451,1462,1472,1483,1493,1504,1514,1525,1535,1546,1557,1567,1578,1588,1599,1610,1620,1631,1642,1653,1664,1675,1686,1697,1708,1719,1730,1741,1753,1764,1775,1787,1798,1810,1821,1832,1844,1856,1868,1880,1892,1904,1917,1930,1943,1956,1969,1982,1995,-2
-1,-1,-1,-1,-1,-1,-1,8,17,26,35,44,53,61,70,79,87,96,105,113,122,130,139,147,156,164,172,181,189,197,205,213,221,229,237,245,252,260,267,275,283,291,299,307,315,323,331,339,347,356,364,372,381,389,398,406,415,424,432,441,450,459,468,477,486,496,505,514,523,533,542,552,562,571,582,592,602,612,622,633,643,653,664,674,684,694,705,715,725,736,746,756,767,777,788,798,809,819,830,840,851,861,872,882,893,904,914,925,935,946,956,967,977,987,998,1008,1019,1029,1040,1050,1060,1071,1081,1092,1102,1113,1123,1133,1144,1154,1165,1175,1186,1196,1206,1217,1227,1238,1248,1258,1269,1279,1290,1300,1311,1321,1332,1342,1353,1363,1374,1384,1395,1405,1416,1426,1437,1447,1458,1469,1479,1490,1500,1511,1521,1532,1542,1553,1564,1574,1585,1596,1606,1617,1628,1639,1650,1661,1672,1683,1694,1705,1716,1727,1738,1749,1761,1772,1784,1795,1807,1818,1830,1841,1853,1865,1877,1889,1901,1914,1928,1941,1954,1967,1980,1993,-2
-1,-1,-1,-1,-1,-1,-1,5,14,24,33,42,50,59,68,76,85,93,102,110,119,128,136,144,153,161,169,178,186,194,202,210,218,226,234,241,249,257,264,272,279,287,295,303,311,319,327,335,344,352,360,368,377,385,394,402,411,419,428,437,446,455,464,473,482,491,500,510,519,529,538,548,557,567,577,587,598,608,618,628,638,649,659,669,680,690,700,711,721,731,742,752,763,773,784,794,804,815,825,836,846,857,868,878,889,899,910,920,931,941,952,962,973,983,994,1004,1015,1025,1035,1046,1056,1067,1077,1088,1098,1109,1119,1129,1140,1150,1161,1171,1182,1192,1202,1213,1223,1234,1244,1254,1265,1275,1286,1296,1307,1317,1328,1338,1349,1359,1370,1380,1391,1402,1412,1423,1433,1444,1454,1465,1475,1486,1497,1507,1518,1528,1539,1549,1560,1571,1582,1592,1603,1614,1624,1635,1646,1657,1668,1679,1690,1701,1712,1724,1735,1746,1758,1769,1781,1792,1804,1815,1827,1838,1850,1862,1874,1886,1899,1912,1925,1938,1951,1964,1978,1991,-2
-1,-1,-1,-1,-1,-1,-1,3,12,21,30,39,48,56,65,74,82,91,99,108,116,125,133,141,150,158,166,175,183,191,199,207,215,223,230,238,246,253,261,268,276,284,292,300,307,315,323,332,340,348,356,364,373,381,390,398,407,415,424,433,442,451,460,469,478,487,496,505,515,524,534,543,553,562,573,583,593,603,613,624,634,644,655,665,675,686,696,706,717,727,737,748,758,769,779,790,800,811,821,832,842,853,863,874,884,895,906,916,927,937,948,958,969,979,990,1000,1010,1021,1031,1042,1052,1063,1073,1084,1094,1104,1115,1125,1136,1146,1157,1167,1178,1188,1198,1209,1219,1230,1240,1250,1261,1271,1282,1292,1303,1314,1324,1335,1345,1356,1366,1377,1387,1398,1408,1419,1429,1440,1451,1461,1472,1482,1493,1503,1514,1525,1535,1546,1557,1567,1578,1589,1600,1610,1621,1632,1643,1654,1665,1676,1687,1698,1709,1721,1732,1743,1755,1766,1778,1789,1801,1812,1824,1836,1848,1860,1872,1884,1896,1909,1923,1936,1949,1962,1976,1989,-2
-1,-1,-1,-1,-1,-1,-1,0,10,19,28,37,45,54,62,71,79,88,97,105,114,122,130,139,147,155,163,172,180,188,196,204,212,220,227,235,242,250,257,265,273,280,288,296,304,312,320,328,336,344,352,360,369,377,386,394,403,411,420,429,438,446,455,464,473,482,492,501,510,520,529,539,548,558,568,578,588,599,609,619,629,640,650,660,671,681,691,702,712,722,733,743,754,764,775,785,796,806,817,827,838,848,859,870,880,891,901,912,922,933,944,954,964,975,985,996,1006,1017,1027,1038,1048,1058,1069,1079,1090,1100,1111,1121,1132,1142,1153,1163,1174,1184,1194,1205,1215,1226,1236,1247,1257,1268,1278,1289,1299,1310,1320,1331,1341,1352,1362,1373,1383,1394,1405,1415,1426,1436,1447,1457,1468,1479,1489,1500,1510,1521,1532,1543,1553,1564,1575,1585,1596,1607,1618,1629,1640,1651,1662,1673,1684,1695,1706,1717,1729,1740,1752,1763,1775,1786,1798,1809,1821,1833,1845,1857,1869,1881,1894,1907,1921,1934,1947,1961,1974,1987,2000
-1,-1,-1,-1,-1,-1,-1,-1,7,16,25,34,43,51,60,68,77,85,94,102,111,119,127,136,144,152,160,169,177,185,193,201,209,216,224,232,239,247,254,262,269,277,285,292,300,308,316,324,332,340,348,356,365,373,382,390,399,407,416,425,433,442,451,460,469,478,487,497,506,515,525,534,544,554,564,574,584,594,604,615,625,635,646,656,666,677,687,697,708,718,728,739,749,760,770,781,791,802,812,823,833,844,855,865,876,886,897,908,918,929,939,950,960,971,981,992,1002,1012,1023,1033,1044,1054,1065,1075,1086,1096,1107,1117,1128,1138,1149,1159,1170,1180,1191,1201,1211,1222,1232,1243,1253,1264,1274,1285,1295,1306,1316,1327,1337,1348,1359,1369,1380,1390,1401,1411,1422,1433,1443,1454,1464,1475,1486,1496,1507,1518,1528,1539,1550,1560,1571,1582,1593,1604,1614,1625,1636,1647,1658,1669,1680,1692,1703,1714,1726,1737,1748,1760,1771,1783,1795,1806,1818,1830,1842,1854,1866,1879,1891,1905,1918,1931,1944,1958,1972,1985,1998
-1,-1,-1,-1,-1,-1,-1,-1,5,14,23,32,40,48,57,66,74,82,91,100,108,116,125,133,141,149,157,166,174,182,190,198,206,213,221,228,236,243,251,258,266,273,281,289,297,304,312,320,328,336,344,353,361,369,378,386,394,403,412,420,429,438,447,456,465,474,483,492,501,511,520,530,539,549,559,569,579,590,600,610,620,631,641,651,662,672,682,693,703,713,724,734,745,755,766,776,787,797,808,818,829,840,850,861,871,882,893,903,914,924,935,945,956,966,977,987,998,1008,1019,1029,1040,1050,1061,1071,1082,1092,1103,1113,1124,1134,1145,1155,1166,1176,1187,1197,1207,1218,1228,1239,1249,1260,1270,1281,1291,1302,1313,1323,1334,1344,1355,1365,1376,1387,1397,1408,1418,1429,1440,1450,1461,1471,1482,1493,1503,1514,1525,1535,1546,1557,1568,1578,1589,1600,1611,1622,1633,1644,1655,1666,1677,1688,1700,1711,1722,1734,1745,1757,1768,1780,1792,1803,1815,1827,1839,1851,1864,1876,1889,1902,1916,1929,1942,1956,1969,1983,1996